"Incident ID","Incident Date",State,"City Or County",Address,"Victims Killed","Victims Injured","Suspects Killed","Suspects Injured","Suspects Arrested",Operations
3301510,"September 5, 2025",Illinois,Chicago,"7053 S Green St",0,1,0,0,1,N/A
3302673,"September 5, 2025",Illinois,Chicago,"5500 block of W West End Ave",0,1,0,0,0,N/A
3301846,"September 5, 2025",Illinois,Chicago,"8900 S South Chicago Ave",0,1,0,0,0,N/A
3302033,"September 5, 2025",Illinois,Chicago,"4000 W Lake St",0,1,0,0,0,N/A
3301998,"September 5, 2025",Illinois,Chicago,"1300 block of S Michigan Ave",1,0,0,0,1,N/A
3300946,"September 4, 2025",Illinois,Chicago,"7722 S Saginaw Ave",0,1,0,0,0,N/A
3300685,"September 3, 2025",Illinois,Chicago,"5649 N Magnolia Ave",1,0,0,0,0,N/A
3300671,"September 3, 2025",Illinois,Chicago,"4336 W Monroe St",1,0,0,0,0,N/A
3300852,"September 3, 2025",Illinois,Chicago,"8145 S Maryland Ave",0,1,0,0,1,N/A
3300855,"September 3, 2025",Illinois,Chicago,"3059 S Canal St",0,1,0,0,0,N/A
3299423,"September 2, 2025",Illinois,Chicago,"4707 W Harrison St",0,2,0,0,0,N/A
3300887,"September 2, 2025",Illinois,Chicago,"1852 W 46th St",0,1,0,0,0,N/A
3299190,"September 2, 2025",Illinois,Chicago,"3700 block of W 55th St",0,1,0,0,0,N/A
3299196,"September 2, 2025",Illinois,Chicago,"I-290 and S Independence Blvd",0,1,0,0,0,N/A
3300866,"September 2, 2025",Illinois,Chicago,"2844 N Parkside Ave",0,1,0,0,0,N/A
3300858,"September 2, 2025",Illinois,Chicago,"2549 S Keeler Ave",0,2,0,0,0,N/A
3299194,"September 2, 2025",Illinois,Chicago,"116 S Kilbourn Ave",0,1,0,0,0,N/A
3299180,"September 2, 2025",Illinois,Chicago,"3150 W 64th St",0,1,0,0,0,N/A
3299176,"September 2, 2025",Illinois,Chicago,"6037 S Indiana Ave",0,1,0,0,0,N/A
3300816,"September 2, 2025",Illinois,Chicago,"300 block of W 106th St",0,1,0,0,0,N/A
3298950,"September 1, 2025",Illinois,Chicago,"4800 N Simonds Dr",0,1,0,0,0,N/A
3298626,"September 1, 2025",Illinois,Chicago,"8200 block of S Saint Louis Ave",1,1,0,0,0,N/A
3299174,"September 1, 2025",Illinois,Chicago,"W 103rd St and S Halsted St",0,1,0,0,0,N/A
3298658,"September 1, 2025",Illinois,Chicago,"6100 block of N Kedzie Ave",0,1,0,0,0,N/A
3298615,"September 1, 2025",Illinois,Chicago,"3600 block of S Cottage Grove Ave",0,5,0,0,1,N/A
3298736,"September 1, 2025",Illinois,Chicago,"2657 S Kolin Ave",1,0,0,0,1,N/A
3298270,"August 31, 2025",Illinois,Chicago,"5914 S Princeton Ave",0,2,0,0,1,N/A
3297941,"August 31, 2025",Illinois,Chicago,"1900 block of W 17th St",1,2,0,0,0,N/A
3298741,"August 31, 2025",Illinois,Chicago,"1215 E 83rd St",0,1,0,0,0,N/A
3298732,"August 31, 2025",Illinois,Chicago,"800 block of W 119th St",0,1,0,0,0,N/A
3298720,"August 31, 2025",Illinois,Chicago,"700 block of S Cicero Ave",0,1,0,0,0,N/A
3298722,"August 31, 2025",Illinois,Chicago,"9500 block of S Wentworth Ave",0,1,0,0,0,N/A
3298262,"August 31, 2025",Illinois,Chicago,"200 W 95th St",0,1,0,0,0,N/A
3297945,"August 31, 2025",Illinois,Chicago,"6341 S Elizabeth St",1,0,0,0,0,N/A
3298631,"August 31, 2025",Illinois,Chicago,"2400 block of S Drake Ave",1,0,0,0,0,N/A
3297950,"August 31, 2025",Illinois,Chicago,"7300 block of S Drexel Ave",0,1,0,0,0,N/A
3297948,"August 31, 2025",Illinois,Chicago,"8100 block of S Harper Ave",0,1,0,0,0,N/A
3297939,"August 31, 2025",Illinois,Chicago,"7500 block of S Kingston Ave",0,1,0,0,0,N/A
3297937,"August 31, 2025",Illinois,Chicago,"5100 block of S State St",0,1,0,0,0,N/A
3298638,"August 31, 2025",Illinois,Chicago,"1500 block of S Christiana Ave",0,1,0,0,0,N/A
3297880,"August 31, 2025",Illinois,Chicago,"2700 block of W Haddon Ave",0,4,0,0,0,N/A
3298629,"August 31, 2025",Illinois,Chicago,"13200 block of S Ellis Ave",1,0,0,0,1,N/A
3297701,"August 30, 2025",Illinois,Chicago,"3749 W Huron St",0,2,0,0,0,N/A
3299345,"August 30, 2025",Illinois,Chicago,"200 N Lakefront",1,0,0,0,0,N/A
3297388,"August 30, 2025",Illinois,Chicago,"523 N Sawyer Ave",1,1,0,0,0,N/A
3297256,"August 30, 2025",Illinois,Chicago,"4435 W 5th Ave",0,2,0,0,0,N/A
3297228,"August 30, 2025",Illinois,Chicago,"1408 S Trumbull Ave",0,1,0,0,0,N/A
3297222,"August 30, 2025",Illinois,Chicago,"200 W 112th St",0,1,0,0,0,N/A
3297710,"August 30, 2025",Illinois,Chicago,"920 E 131st St",1,0,0,0,0,N/A
3297935,"August 30, 2025",Illinois,Chicago,"2700 block of W 68th St",0,1,0,0,0,N/A
3297933,"August 30, 2025",Illinois,Chicago,"2700 block of W Foster Ave",0,1,0,0,0,N/A
3297931,"August 30, 2025",Illinois,Chicago,"6500 block of S Wolcott Ave",0,1,0,0,0,N/A
3297928,"August 30, 2025",Illinois,Chicago,"1600 block of E 79th St",0,2,0,0,0,N/A
3297867,"August 30, 2025",Illinois,Chicago,"3500 block of S State St",0,7,0,0,0,N/A
3297203,"August 29, 2025",Illinois,Chicago,"7456 S Eberhart Ave",0,1,0,0,0,N/A
3297190,"August 29, 2025",Illinois,Chicago,"7734 S Essex Ave",1,1,0,0,1,N/A
3296460,"August 28, 2025",Illinois,Chicago,"13237 S Corliss Ave",1,0,0,0,0,N/A
3296436,"August 28, 2025",Illinois,Chicago,"553 W 123rd St",0,1,0,0,0,N/A
3296352,"August 28, 2025",Illinois,Chicago,"600 block of W 47th St",1,1,0,0,1,N/A
3295692,"August 27, 2025",Illinois,Chicago,"5200 block of W Gladys Ave",1,0,0,0,0,N/A
3295961,"August 27, 2025",Illinois,Chicago,"8000 block of S Wood St",0,2,0,0,0,N/A
3295866,"August 27, 2025",Illinois,Chicago,"100 block of N Mason Ave",1,0,0,0,0,N/A
3294596,"August 26, 2025",Illinois,Chicago,"5347 W George St",0,1,0,0,0,N/A
3294890,"August 26, 2025",Illinois,Chicago,"5161 W Devon Ave",0,1,0,0,1,N/A
3294606,"August 26, 2025",Illinois,Chicago,"4004 W Van Buren St",0,1,0,0,0,N/A
3293405,"August 25, 2025",Illinois,Chicago,"4800 block of W Superior St",1,1,0,0,1,N/A
3293403,"August 25, 2025",Illinois,Chicago,"100 block of S Kilbourne Ave",0,1,0,0,0,N/A
3293383,"August 25, 2025",Illinois,Chicago,"4600 block of W Polk Ave",0,1,0,0,0,N/A
3293297,"August 25, 2025",Illinois,Chicago,"6200 block of S Michigan Ave",0,1,0,0,0,N/A
3292790,"August 24, 2025",Illinois,Chicago,"3800 block of W Chicago Ave",1,0,0,0,0,N/A
3293139,"August 24, 2025",Illinois,Chicago,"7600 block of S Ingleside Ave",0,1,0,0,0,N/A
3293416,"August 24, 2025",Illinois,Chicago,"8124 S Ingleside Ave",1,0,0,0,0,N/A
3293292,"August 24, 2025",Illinois,Chicago,"8000 block of S Ingleside Ave",1,0,0,1,0,N/A
3293385,"August 24, 2025",Illinois,Chicago,"2600 block of W Crystal St",0,1,0,0,0,N/A
3292821,"August 24, 2025",Illinois,Chicago,"3014 S Hamlin Ave",1,0,0,0,0,N/A
3292974,"August 24, 2025",Illinois,Chicago,"4441 S Greenwood Ave",1,0,0,0,0,N/A
3293305,"August 24, 2025",Illinois,Chicago,"500 block of W Roosevelt Rd",0,1,0,0,0,N/A
3293302,"August 24, 2025",Illinois,Chicago,"7500 block of N Ashland Ave",0,1,0,0,0,N/A
3293289,"August 24, 2025",Illinois,Chicago,"8800 block of S Dante Ave",1,0,0,0,0,N/A
3292662,"August 23, 2025",Illinois,Chicago,"5500 block of Indiana Ave",0,1,0,0,0,N/A
3292656,"August 23, 2025",Illinois,Chicago,"1300 block of S Lawndale Ave",0,1,0,0,0,N/A
3292654,"August 23, 2025",Illinois,Chicago,"4300 block of W North Ave",0,1,0,0,0,N/A
3292651,"August 23, 2025",Illinois,Chicago,"2400 block of W Warren Blvd",0,1,0,0,0,N/A
3292642,"August 23, 2025",Illinois,Chicago,N/A,0,1,0,0,0,N/A
3292812,"August 23, 2025",Illinois,Chicago,"3100 block of W Madison St",0,1,0,0,0,N/A
3292825,"August 23, 2025",Illinois,Chicago,N/A,0,1,0,0,0,N/A
3292792,"August 23, 2025",Illinois,Chicago,"6421 S King Dr",0,1,0,0,0,N/A
3292647,"August 23, 2025",Illinois,Chicago,"6500 block of N Ashland Ave",0,1,0,0,0,N/A
3292343,"August 23, 2025",Illinois,Chicago,"1700 block of N Harding Ave",0,1,0,0,0,N/A
3292165,"August 22, 2025",Illinois,Chicago,"1901 W 66th St",0,1,0,0,0,N/A
3292638,"August 22, 2025",Illinois,Chicago,"00 block of N Central Ave",0,1,0,0,0,N/A
3292345,"August 22, 2025",Illinois,Chicago,"1700 block of S DuSable Lake Shore Dr",0,1,0,0,0,N/A
3292338,"August 22, 2025",Illinois,Chicago,"501 N Kedzie Ave",0,2,0,0,0,N/A
3291810,"August 22, 2025",Illinois,Chicago,"4944 S Archer Ave",1,0,0,0,0,N/A
3291817,"August 21, 2025",Illinois,Chicago,"3302 W Huron St",0,1,0,0,1,N/A
3291803,"August 21, 2025",Illinois,Chicago,"3900 block of W Gladys Ave",1,2,0,0,0,N/A
3291800,"August 21, 2025",Illinois,Chicago,"300 block of S Maplewood Ave",2,0,0,0,0,N/A
3291410,"August 21, 2025",Illinois,Chicago,"6724 S Michigan Ave",0,1,0,0,0,N/A
3291388,"August 21, 2025",Illinois,Chicago,"7200 block of S Vincennes Ave",0,3,0,0,0,N/A
3290262,"August 19, 2025",Illinois,Chicago,"242 W Garfield Blvd",0,1,0,0,0,N/A
3290252,"August 19, 2025",Illinois,Chicago,"1647 N Washtenaw Ave",0,1,0,0,0,N/A
3289823,"August 18, 2025",Illinois,Chicago,"1534 E 75th St",0,3,0,0,0,N/A
3289240,"August 18, 2025",Illinois,Chicago,"6300 block of S Francisco Ave",0,1,0,0,0,N/A
3289811,"August 18, 2025",Illinois,Chicago,"6000 block of Artesian Ave",0,1,0,0,2,N/A
3289228,"August 18, 2025",Illinois,Chicago,"211 S Laflin St",0,0,0,0,1,N/A
3288887,"August 18, 2025",Illinois,Chicago,"6202 S Whipple St",0,1,0,0,0,N/A
3290274,"August 18, 2025",Illinois,Chicago,"7718 S Kingston Ave",1,0,0,0,0,N/A
3288898,"August 18, 2025",Illinois,Chicago,"7530 S Stony Island Ave",1,0,0,0,0,N/A
3289730,"August 18, 2025",Illinois,Chicago,"6900 block of S Stony Island Ave",0,1,0,0,0,N/A
3289535,"August 18, 2025",Illinois,Chicago,"11008 S Normal Ave",0,1,0,0,0,N/A
3288723,"August 17, 2025",Illinois,Chicago,"1000 block of N Hamlin Ave",0,1,0,0,0,N/A
3289726,"August 17, 2025",Illinois,Chicago,"4900 block of W Adams St",1,0,0,0,0,N/A
3288471,"August 17, 2025",Illinois,Chicago,"130 S Lavergne Ave",1,0,0,0,0,N/A
3289728,"August 17, 2025",Illinois,Chicago,"7100 block of S Vernon Ave",0,1,0,0,0,N/A
3288721,"August 17, 2025",Illinois,Chicago,"2800 block of E 78th St",0,1,0,0,0,N/A
3288337,"August 17, 2025",Illinois,Chicago,"5800 block of N Mozart St",1,0,0,0,0,N/A
3288719,"August 16, 2025",Illinois,Chicago,N/A,0,1,0,0,0,N/A
3288082,"August 16, 2025",Illinois,Chicago,"2100 block of S Pulaski Rd",0,1,0,0,0,N/A
3288080,"August 16, 2025",Illinois,Chicago,"7400 block of S State St",0,1,0,0,0,N/A
3288074,"August 16, 2025",Illinois,Chicago,"8700 block of S Escanaba Ave",0,1,0,0,0,N/A
3288070,"August 16, 2025",Illinois,Chicago,"10100 block of S Michigan Ave",0,1,0,0,0,N/A
3288387,"August 16, 2025",Illinois,Chicago,"3647 W 5th Ave",0,1,0,0,0,N/A
3288362,"August 16, 2025",Illinois,Chicago,"7637 S King Dr",0,1,0,0,0,N/A
3288380,"August 16, 2025",Illinois,Chicago,"8554 S Elizabeth St",0,1,0,0,0,N/A
3288163,"August 16, 2025",Illinois,Chicago,"6440 S Marshfield Ave",0,1,0,0,0,N/A
3288089,"August 16, 2025",Illinois,Chicago,"5934 S Carpenter St",0,1,0,0,0,N/A
3288345,"August 16, 2025",Illinois,Chicago,"8400 block of S Muskegon Ave",0,3,0,0,0,N/A
3288340,"August 16, 2025",Illinois,Chicago,"800 block of W 27th St",1,0,0,0,0,N/A
3288335,"August 16, 2025",Illinois,Chicago,"5300 block of N Sheridan Rd",0,1,0,0,0,N/A
3288301,"August 16, 2025",Illinois,Chicago,"2400 block of W Jackson Blvd",0,4,0,0,0,N/A
3290246,"August 15, 2025",Illinois,Chicago,"2000 block of E 71st St",0,0,0,1,1,N/A
3287229,"August 15, 2025",Illinois,Chicago,"5100 block of S Wabash Ave",0,1,0,0,0,N/A
3287223,"August 15, 2025",Illinois,Chicago,"5100 block of S Wood St",1,0,0,0,0,N/A
3287231,"August 14, 2025",Illinois,Chicago,"5332 S Kedzie Ave",0,2,0,0,0,N/A
3287225,"August 14, 2025",Illinois,Chicago,"N Rockwell St and W Wabansia Ave",0,1,0,0,0,N/A
3286389,"August 13, 2025",Illinois,Chicago,"6327 S Hamilton Ave",1,0,0,0,0,N/A
3286351,"August 13, 2025",Illinois,Chicago,"31 E 28th St",0,1,0,0,0,N/A
3286186,"August 13, 2025",Illinois,Chicago,"1600 block of W Estes Ave",1,0,0,0,0,N/A
3286336,"August 13, 2025",Illinois,Chicago,"5000 block of W Madison St",1,0,0,0,0,N/A
3286558,"August 13, 2025",Illinois,Chicago,"4002 W Maypole Ave",0,1,0,0,0,N/A
3286533,"August 13, 2025",Illinois,Chicago,"4200 S Fairfield Ave",0,2,0,0,0,N/A
3285518,"August 12, 2025",Illinois,Chicago,"10011 S Bensley Ave",0,1,0,0,0,N/A
3285529,"August 12, 2025",Illinois,Chicago,"3 N Lavergne Ave",1,0,0,0,0,N/A
3284460,"August 11, 2025",Illinois,Chicago,"3800 block of W Harrison St",0,1,0,0,0,N/A
3284255,"August 11, 2025",Illinois,Chicago,"700 block of E 43rd St",0,5,0,0,0,N/A
3284435,"August 11, 2025",Illinois,Chicago,"7900 block of S Troy St",0,1,0,0,0,N/A
3284246,"August 11, 2025",Illinois,Chicago,"958 W 83rd St",0,1,0,0,1,N/A
3284953,"August 11, 2025",Illinois,Chicago,"3200 block of W Lawrence Ave",0,1,0,0,0,N/A
3283892,"August 11, 2025",Illinois,Chicago,"3145 W Madison St",0,1,0,0,0,N/A
3283889,"August 11, 2025",Illinois,Chicago,"4007 W Armitage Ave",0,1,0,0,0,N/A
3284884,"August 11, 2025",Illinois,Chicago,"2605 W Le Moyne St",0,1,0,0,0,N/A
3283186,"August 10, 2025",Illinois,Chicago,"100 block of N La Crosse Ave",1,5,0,0,0,N/A
3283725,"August 10, 2025",Illinois,Chicago,"13243 S Vernon Ave",0,1,0,0,0,N/A
3283226,"August 10, 2025",Illinois,Chicago,"5000 block of W Maypole Ave",1,1,0,0,1,N/A
3283685,"August 10, 2025",Illinois,Chicago,"3803 W Roosevelt Rd",0,2,0,0,0,N/A
3283211,"August 10, 2025",Illinois,Chicago,"200 block of N Lamon Ave",0,1,0,0,0,N/A
3283199,"August 10, 2025",Illinois,Chicago,"4500 block of W Wilcox St",0,4,0,0,0,N/A
3283329,"August 10, 2025",Illinois,Chicago,"6600 block of S Cottage Grove Ave",1,0,0,0,0,N/A
3283310,"August 10, 2025",Illinois,Chicago,"316 S Christiana Ave",0,1,0,0,0,N/A
3283915,"August 10, 2025",Illinois,Chicago,"4700 block of S Damen Ave",0,1,0,0,0,N/A
3283247,"August 10, 2025",Illinois,Chicago,"5646 S Throop St",0,1,0,0,0,N/A
3283894,"August 10, 2025",Illinois,Chicago,"2430 E 75th St",0,1,0,1,0,N/A
3283883,"August 10, 2025",Illinois,Chicago,"900 block of W 29th St",0,1,0,0,0,N/A
3283057,"August 9, 2025",Illinois,Chicago,"1300 block of W 13th St",0,2,0,0,0,N/A
3284407,"August 9, 2025",Illinois,Chicago,"2900 block of N Lawndale Ave",0,1,0,0,0,N/A
3282635,"August 9, 2025",Illinois,Chicago,"5751 S California Ave",0,1,0,0,0,N/A
3282580,"August 9, 2025",Illinois,Chicago,"1300 block of S Wabash Ave",0,1,0,0,0,N/A
3282301,"August 8, 2025",Illinois,Chicago,"2508 E 78th St",0,1,0,0,0,N/A
3282296,"August 8, 2025",Illinois,Chicago,"47 W 79th St",1,0,0,0,0,N/A
3282698,"August 8, 2025",Illinois,Chicago,"5501 W Adams St",0,1,0,0,0,N/A
3282574,"August 8, 2025",Illinois,Chicago,"4600 block of W Lake St",0,2,0,0,0,N/A
3282638,"August 8, 2025",Illinois,Chicago,"5300 block of S Wabash Ave",0,2,0,0,0,N/A
3281912,"August 8, 2025",Illinois,Chicago,"3603 W Harrison St",0,1,0,0,0,N/A
3281916,"August 8, 2025",Illinois,Chicago,"4834 W Addison St",1,0,0,0,0,N/A
3282586,"August 8, 2025",Illinois,Chicago,"11300 block of S Avenue G",1,0,0,0,0,N/A
3281607,"August 7, 2025",Illinois,Chicago,"5600 block of S State St",0,1,0,0,0,N/A
3281923,"August 7, 2025",Illinois,Chicago,"304 S Cicero Ave",0,1,0,0,0,N/A
3281587,"August 7, 2025",Illinois,Chicago,"500 block of W 45th PL",0,1,0,0,0,N/A
3281919,"August 7, 2025",Illinois,Chicago,"1034 W 91st St",0,1,0,0,0,N/A
3280906,"August 6, 2025",Illinois,Chicago,"600 block of E 38th St",0,1,0,0,0,N/A
3281050,"August 6, 2025",Illinois,Chicago,"3516 S Rhodes Ave",1,0,0,0,0,N/A
3280912,"August 6, 2025",Illinois,Chicago,"7900 S Martin Luther King Dr",0,1,0,0,0,N/A
3281089,"August 6, 2025",Illinois,Chicago,"2400 block of W Polk St",0,1,0,0,0,N/A
3281023,"August 6, 2025",Illinois,Chicago,"7915 S Paxton Ave",0,2,0,0,0,N/A
3279518,"August 5, 2025",Illinois,Chicago,"7200 block of S Green St",1,2,0,0,0,N/A
3280020,"August 5, 2025",Illinois,Chicago,"2231 S Homan Ave",0,1,0,0,0,N/A
3279514,"August 5, 2025",Illinois,Chicago,"7400 block of S Dante Ave",0,1,0,0,0,N/A
3278574,"August 4, 2025",Illinois,Chicago,"4600 block of S Western Ave",0,1,0,0,1,N/A
3279056,"August 4, 2025",Illinois,Chicago,"W 56th St and S Racine Ave",1,0,0,0,0,N/A
3281094,"August 4, 2025",Illinois,Chicago,"6400 block of S Kedzie Ave",0,1,0,0,1,N/A
3277928,"August 3, 2025",Illinois,Chicago,"W Madison St and N Waller Ave",0,1,0,0,0,N/A
3277904,"August 3, 2025",Illinois,Chicago,"1000 block of N Springfield Ave",1,2,0,0,0,N/A
3277874,"August 3, 2025",Illinois,Chicago,"2045 W Jackson Blvd",0,1,0,0,1,N/A
3278572,"August 3, 2025",Illinois,Chicago,"8600 block of S Wallace St",0,1,0,0,0,N/A
3278570,"August 3, 2025",Illinois,Chicago,"5500 block of S Ashland Ave",0,1,0,0,0,N/A
3278567,"August 3, 2025",Illinois,Chicago,"2100 block of N Pulaski Rd",0,1,0,0,0,N/A
3278558,"August 3, 2025",Illinois,Chicago,"1000 block of S Monitor Ave",0,1,0,0,0,N/A
3278562,"August 3, 2025",Illinois,Chicago,"1800 block of S Blue Island Ave",0,2,0,0,0,N/A
3278560,"August 3, 2025",Illinois,Chicago,"200 block of S Central Ave",0,1,0,0,0,N/A
3277724,"August 2, 2025",Illinois,Chicago,"6500 block of S Cottage Grove Ave",0,1,0,0,0,N/A
3277719,"August 2, 2025",Illinois,Chicago,"6600 S Green St",0,1,0,0,0,N/A
3277908,"August 2, 2025",Illinois,Chicago,"1000 block of N Noble St",1,1,0,0,0,N/A
3277727,"August 2, 2025",Illinois,Chicago,"1836 W 18th St",0,1,0,0,0,N/A
3277717,"August 2, 2025",Illinois,Chicago,"300 block of W 64th St",0,1,0,0,0,N/A
3277931,"August 2, 2025",Illinois,Chicago,"1700 S Damen Ave",0,1,0,0,0,N/A
3277900,"August 2, 2025",Illinois,Chicago,"14 W 95th St",0,1,0,0,0,N/A
3277897,"August 2, 2025",Illinois,Chicago,"3000 block of W 37th Pl",1,1,0,0,0,N/A
3276777,"August 1, 2025",Illinois,Chicago,"9100 block of S Stony Island Ave",0,1,0,0,0,N/A
3277489,"August 1, 2025",Illinois,Chicago,"3000 block of N St Louis Ave",0,2,0,0,0,N/A
3277483,"August 1, 2025",Illinois,Chicago,"4300 block of W Adams St",0,1,0,0,0,N/A
3276772,"August 1, 2025",Illinois,Chicago,"7800 block of S Marshfield Ave",0,1,0,0,0,N/A
3276574,"July 31, 2025",Illinois,Chicago,"7200 block of S California Ave",1,0,0,0,0,N/A
3276774,"July 31, 2025",Illinois,Chicago,"45 W 103rd Pl",0,1,0,0,1,N/A
3276207,"July 31, 2025",Illinois,Chicago,"9800 block of S Ewing Ave",0,1,0,0,0,N/A
3276197,"July 31, 2025",Illinois,Chicago,"700 block of E 90th St",1,0,0,0,1,N/A
3276011,"July 30, 2025",Illinois,Chicago,"3137 N Kimball Ave",0,1,0,0,0,N/A
3276029,"July 30, 2025",Illinois,Chicago,"815 E 80th St",0,1,0,0,0,N/A
3276022,"July 30, 2025",Illinois,Chicago,"3150 W 52nd St",0,1,0,0,0,N/A
3276199,"July 30, 2025",Illinois,Chicago,"2132 W Washington Blvd",0,1,0,0,0,N/A
3276127,"July 30, 2025",Illinois,Chicago,"8111 S Evans Ave",0,1,0,0,1,N/A
3275324,"July 29, 2025",Illinois,Chicago,"3242 N Milwaukee Ave",0,1,0,0,0,N/A
3274816,"July 29, 2025",Illinois,Chicago,N/A,0,2,0,0,0,N/A
3275329,"July 29, 2025",Illinois,Chicago,"3844 W Grand Ave",0,1,0,0,0,N/A
3273574,"July 28, 2025",Illinois,Chicago,"803 S Kolmar Ave",1,0,0,0,0,N/A
3273501,"July 28, 2025",Illinois,Chicago,"3500 block of W Jackson Blvd",0,1,0,0,0,N/A
3273420,"July 28, 2025",Illinois,Chicago,"2200 block of S Michigan Ave",0,2,0,0,0,N/A
3274607,"July 28, 2025",Illinois,Chicago,"45 N Western Ave",1,1,0,0,0,N/A
3273415,"July 27, 2025",Illinois,Chicago,"W Flournoy St and S Springfield Ave",0,4,0,0,1,N/A
3273499,"July 27, 2025",Illinois,Chicago,"1000 block of N Monticello Ave",0,1,0,0,0,N/A
3273469,"July 27, 2025",Illinois,Chicago,"6300 block of N Western Ave",0,1,0,0,0,N/A
3273496,"July 27, 2025",Illinois,Chicago,"6300 block of S Western Ave",0,1,0,0,0,N/A
3272800,"July 27, 2025",Illinois,Chicago,"6200 block of S California Ave",0,1,0,0,0,N/A
3272793,"July 27, 2025",Illinois,Chicago,"8300 block of S Cottage Grove Ave",0,1,0,0,0,N/A
3272786,"July 27, 2025",Illinois,Chicago,"N Pulaski Rd and W Madison St",0,1,0,0,0,N/A
3276159,"July 27, 2025",Illinois,Chicago,"100 block of W Kinzie St",0,2,0,0,0,N/A
3272602,"July 26, 2025",Illinois,Chicago,"3867 W Grand Ave",0,1,0,0,0,N/A
3272564,"July 26, 2025",Illinois,Chicago,"5200 block of S Laflin St",0,1,0,0,0,N/A
3272556,"July 26, 2025",Illinois,Chicago,"1500 block of E 67th Pl",0,1,0,0,0,N/A
3272551,"July 26, 2025",Illinois,Chicago,"4700 block of W Harrison St",0,1,0,0,0,N/A
3272554,"July 26, 2025",Illinois,Chicago,"5000 block of W West End Ave",0,1,0,0,1,N/A
3272223,"July 26, 2025",Illinois,Chicago,"1100 block of N Hoyne Ave",0,1,0,0,0,N/A
3272807,"July 26, 2025",Illinois,Chicago,"531 N Kedzie Ave",0,1,0,0,0,N/A
3272231,"July 26, 2025",Illinois,Chicago,"8500 block of S Marquette Ave",0,3,0,0,0,N/A
3272260,"July 26, 2025",Illinois,Chicago,"11600 block of S Church St",1,0,0,0,0,N/A
3272751,"July 26, 2025",Illinois,Chicago,"1457 S Kedvale Ave",0,1,0,0,0,N/A
3272253,"July 25, 2025",Illinois,Chicago,"9023 S University Ave",0,1,0,0,0,N/A
3272245,"July 25, 2025",Illinois,Chicago,"1457 S Kedvale Ave",0,1,0,0,0,N/A
3272214,"July 25, 2025",Illinois,Chicago,"3700 block of W 59th Pl",0,1,0,0,0,N/A
3271641,"July 24, 2025",Illinois,Chicago,"900 block of E 100th St",0,1,0,0,0,N/A
3270291,"July 24, 2025",Illinois,Chicago,"2017 E 103rd St",1,0,0,0,0,N/A
3271423,"July 24, 2025",Illinois,Chicago,"8700 block of S Commercial Ave",0,3,0,0,0,N/A
3270058,"July 23, 2025",Illinois,Chicago,"2135 S Michigan Ave",0,1,0,0,0,N/A
3270046,"July 23, 2025",Illinois,Chicago,"7100 block of S Jeffery Blvd",0,1,0,0,0,N/A
3270035,"July 23, 2025",Illinois,Chicago,"7843 S East End Ave",0,1,0,0,0,N/A
3270131,"July 23, 2025",Illinois,Chicago,"2300 block of W Devon Ave",0,1,0,0,1,N/A
3270241,"July 23, 2025",Illinois,Chicago,"7259 S Avers Ave",1,1,0,0,1,N/A
3270272,"July 23, 2025",Illinois,Chicago,"3512 W Roosevelt Rd",0,1,0,0,0,N/A
3268897,"July 22, 2025",Illinois,Chicago,"5205 W Diversey Ave",0,1,0,0,0,N/A
3268889,"July 22, 2025",Illinois,Chicago,"9035 S Bishop St",0,1,0,0,0,N/A
3268838,"July 22, 2025",Illinois,Chicago,N/A,0,2,0,0,0,N/A
3267878,"July 22, 2025",Illinois,Chicago,"6319 S California Ave",0,1,0,0,0,N/A
3267869,"July 22, 2025",Illinois,Chicago,"N Lavergne Ave and W Washington Blvd",0,2,0,0,0,N/A
3267667,"July 21, 2025",Illinois,Chicago,"2908 W Washington Blvd",0,1,0,0,0,N/A
3267110,"July 21, 2025",Illinois,Chicago,"6043 S Hermitage Ave",0,1,0,0,0,N/A
3267686,"July 21, 2025",Illinois,Chicago,"400 block of N Lawndale Ave",0,1,0,0,0,N/A
3266723,"July 20, 2025",Illinois,Chicago,"4935 W Ferdinand St",0,4,0,0,0,N/A
3266563,"July 20, 2025",Illinois,Chicago,"18 E Cullerton St",0,1,0,0,0,N/A
3266635,"July 20, 2025",Illinois,Chicago,"2800 block of W Polk St",0,1,0,0,0,N/A
3266618,"July 20, 2025",Illinois,Chicago,"3100 block of S Lawndale Ave",0,1,0,0,0,N/A
3267094,"July 20, 2025",Illinois,Chicago,"2700 block of S Whipple St",0,1,0,0,0,N/A
3267066,"July 20, 2025",Illinois,Chicago,"6640 S Dorchester Ave",0,2,0,0,0,N/A
3266428,"July 19, 2025",Illinois,Chicago,"87 W 87th St",1,2,0,0,0,N/A
3266491,"July 19, 2025",Illinois,Chicago,"7200 block of S Dobson Ave",0,1,0,0,0,N/A
3265977,"July 19, 2025",Illinois,Chicago,"1900 block of W 19th St",0,2,0,0,0,N/A
3265997,"July 19, 2025",Illinois,Chicago,"300 block of W 64th St",0,1,0,0,0,N/A
3265914,"July 19, 2025",Illinois,Chicago,"7500 block of S St Lawrence Ave",1,1,0,0,0,N/A
3265938,"July 19, 2025",Illinois,Chicago,"535 N Central Ave",0,1,0,0,0,N/A
3265909,"July 19, 2025",Illinois,Chicago,"8200 block of S Houston Ave",1,3,0,0,0,N/A
3266561,"July 19, 2025",Illinois,Chicago,"2000 block of E 68th St",1,0,0,0,0,N/A
3266496,"July 19, 2025",Illinois,Chicago,"4400 W Roosevelt Rd",0,1,0,0,0,N/A
3266489,"July 19, 2025",Illinois,Chicago,"2400 block of W Warren Blvd",0,1,0,0,0,N/A
3265709,"July 18, 2025",Illinois,Chicago,"950 W 70th St",0,1,0,0,0,N/A
3265695,"July 18, 2025",Illinois,Chicago,"312 N Lavergne Ave",0,1,0,0,0,N/A
3265930,"July 18, 2025",Illinois,Chicago,"6639 S Marshfield Ave",0,1,0,0,0,N/A
3265196,"July 18, 2025",Illinois,Chicago,"7600 block of S Eberhart Ave",1,0,0,0,0,N/A
3267099,"July 18, 2025",Illinois,Chicago,N/A,1,0,0,0,0,N/A
3265923,"July 18, 2025",Illinois,Chicago,"2844 W Arthington",1,0,0,0,0,N/A
3265057,"July 18, 2025",Illinois,Chicago,"1764 E 76th St",0,1,0,0,0,N/A
3266477,"July 18, 2025",Illinois,Chicago,"7200 block of S Yates Ave",0,1,0,0,0,N/A
3265059,"July 17, 2025",Illinois,Chicago,"3920 W Roosevelt Rd",0,1,0,0,0,N/A
3263981,"July 16, 2025",Illinois,Chicago,"532 N Hamlin Ave",0,1,0,0,0,N/A
3264510,"July 16, 2025",Illinois,Chicago,"3000 block of W Jackson Blvd",1,2,0,0,0,N/A
3264343,"July 16, 2025",Illinois,Chicago,"N Rockwell St and W Division S",0,1,0,0,0,N/A
3264372,"July 16, 2025",Illinois,Chicago,"956 N Lavergne St",0,1,0,0,0,N/A
3264352,"July 16, 2025",Illinois,Chicago,"4154 W 59th St",1,0,0,0,0,N/A
3263494,"July 15, 2025",Illinois,Chicago,"7100 block of S Union Ave",0,1,0,0,0,N/A
3263995,"July 15, 2025",Illinois,Chicago,"11330 S Edbrooke Ave",0,1,0,0,0,N/A
3263578,"July 15, 2025",Illinois,Chicago,"7103 S Ridgeland Ave",0,1,0,0,0,N/A
3263587,"July 15, 2025",Illinois,Chicago,"7926 S Dobson Ave",0,1,0,0,0,N/A
3262946,"July 15, 2025",Illinois,Chicago,"6400 block of S King Dr",0,1,0,0,0,N/A
3262685,"July 14, 2025",Illinois,Chicago,"3201 E 89th St",0,1,0,0,0,N/A
3262980,"July 14, 2025",Illinois,Chicago,"900 block of N Dearborn St",0,1,0,0,0,N/A
3262952,"July 14, 2025",Illinois,Chicago,"300 block of W Jackson Blvd",0,1,0,0,0,N/A
3261442,"July 13, 2025",Illinois,Chicago,"445 W Wellington Ave",0,1,0,0,1,N/A
3261455,"July 13, 2025",Illinois,Chicago,"800 block of N Cambridge Ave",1,0,0,0,1,N/A
3261759,"July 13, 2025",Illinois,Chicago,"2100 block of W Granville Ave",0,1,0,0,1,N/A
3262452,"July 13, 2025",Illinois,Chicago,"3400 block of W Madison St",0,1,0,0,0,N/A
3262446,"July 13, 2025",Illinois,Chicago,"2800 block of W 21st Pl",0,1,0,0,0,N/A
3262157,"July 13, 2025",Illinois,Chicago,"749 S Cicero Ave",0,1,0,0,0,N/A
3262168,"July 13, 2025",Illinois,Chicago,"8000 block of S Sangamon Ave",0,1,0,0,0,N/A
3261472,"July 13, 2025",Illinois,Chicago,"1200 block of W 84th St",0,1,0,0,0,N/A
3261463,"July 13, 2025",Illinois,Chicago,"7750 S Kingston Ave",0,2,0,0,0,N/A
3261433,"July 13, 2025",Illinois,Chicago,"810 S California Ave",0,1,0,0,0,N/A
3262106,"July 13, 2025",Illinois,Chicago,"115 E Kensington",0,1,0,0,0,N/A
3262104,"July 13, 2025",Illinois,Chicago,"1439 S Blue Island Ave",0,1,0,0,0,N/A
3261167,"July 12, 2025",Illinois,Chicago,"10701 S Wentworth Ave",0,1,0,0,0,N/A
3261141,"July 12, 2025",Illinois,Chicago,"5347 W Jackson Blvd",0,1,0,0,0,N/A
3261131,"July 12, 2025",Illinois,Chicago,"6259 S Artesian Ave",0,1,0,0,0,N/A
3262444,"July 12, 2025",Illinois,Chicago,"2800 block of W Polk St",0,1,0,0,0,N/A
3262318,"July 12, 2025",Illinois,Chicago,"3000 block of W Madison St",0,1,0,0,0,N/A
3261420,"July 12, 2025",Illinois,Chicago,"5640 W Division St",1,0,0,0,1,N/A
3260910,"July 12, 2025",Illinois,Chicago,"2971 S Federal St",0,1,0,0,0,N/A
3260868,"July 12, 2025",Illinois,Chicago,"I-90 and N Cumberland Ave",0,1,0,0,1,N/A
3261431,"July 12, 2025",Illinois,Chicago,"720 S Wells St",0,1,0,0,0,N/A
3260898,"July 11, 2025",Illinois,Chicago,"13200 block of S Langley Ave",1,0,0,0,1,N/A
3260920,"July 11, 2025",Illinois,Chicago,"1311 W 98th St",0,1,0,0,0,N/A
3260918,"July 11, 2025",Illinois,Chicago,"6600 S State St",0,1,0,0,0,N/A
3261169,"July 11, 2025",Illinois,Chicago,"700 block of S Springfield Ave",0,1,0,0,1,N/A
3260511,"July 11, 2025",Illinois,Chicago,"6204 S Rhodes Ave",1,0,0,0,0,N/A
3260887,"July 11, 2025",Illinois,Chicago,"500 block of W Scott St",0,1,0,0,0,N/A
3259909,"July 11, 2025",Illinois,Chicago,"7600 block of S Lowe Ave",0,1,0,0,0,N/A
3259458,"July 10, 2025",Illinois,Chicago,"3700 block of S Wells St",1,1,0,0,0,N/A
3259491,"July 10, 2025",Illinois,Chicago,"2800 W 63rd St",0,1,0,0,0,N/A
3259250,"July 9, 2025",Illinois,Chicago,"8745 S Indiana Ave",0,1,0,0,0,N/A
3259171,"July 9, 2025",Illinois,Chicago,"I-90 and 43rd St",0,2,0,0,1,N/A
3259119,"July 9, 2025",Illinois,Chicago,"1501 S Hamlin Ave",0,1,0,0,0,N/A
3259488,"July 9, 2025",Illinois,Chicago,"615 S California Ave",0,2,0,0,0,N/A
3259422,"July 9, 2025",Illinois,Chicago,"2626 W Wilcox St",1,0,0,0,0,N/A
3259467,"July 9, 2025",Illinois,Chicago,"8210 S Cottage Grove Ave",0,1,0,0,0,N/A
3259416,"July 9, 2025",Illinois,Chicago,"3028 S Komensky Ave",0,1,0,0,0,N/A
3259352,"July 9, 2025",Illinois,Chicago,"5200 block of W Hirsch St",0,1,0,0,0,N/A
3255797,"July 8, 2025",Illinois,Chicago,"620 N Monticello Ave",1,1,0,0,0,N/A
3255757,"July 8, 2025",Illinois,Chicago,"13400 block of S Torrence Ave",0,2,0,0,0,N/A
3255369,"July 7, 2025",Illinois,Chicago,"6428 N Washtenaw Ave",0,1,0,0,0,N/A
3254694,"July 6, 2025",Illinois,Chicago,"50 block of N Lorel Ave",0,1,0,0,1,N/A
3254381,"July 6, 2025",Illinois,Chicago,"9600 block of S Brennan Ave",1,0,0,0,0,N/A
3254691,"July 6, 2025",Illinois,Chicago,"3800 block of W 30th St",0,1,0,0,0,N/A
3254666,"July 6, 2025",Illinois,Chicago,"5200 block of W Ferdinand St",0,2,0,0,0,N/A
3253999,"July 6, 2025",Illinois,Chicago,"727 E 60th St",0,1,0,0,0,N/A
3253997,"July 6, 2025",Illinois,Chicago,"4158 W Carroll Ave",0,1,0,0,0,N/A
3253986,"July 6, 2025",Illinois,Chicago,"5332 S Kedzie Ave",0,1,0,0,0,N/A
3253250,"July 5, 2025",Illinois,Chicago,"849 N Cambridge Ave",1,0,0,0,1,N/A
3253092,"July 5, 2025",Illinois,Chicago,"1000 block of N Lavergne Ave",1,0,0,0,0,N/A
3253231,"July 5, 2025",Illinois,Chicago,"1500 block of W 71st St",0,2,0,0,0,N/A
3253224,"July 5, 2025",Illinois,Chicago,"5900 block of S Damen Ave",0,1,0,0,0,N/A
3253021,"July 5, 2025",Illinois,Chicago,"2700 block of S California Blvd",0,4,0,0,0,N/A
3254026,"July 5, 2025",Illinois,Chicago,"2600 block of S Central Park Ave",1,0,0,0,1,N/A
3254024,"July 5, 2025",Illinois,Chicago,"2300 block of S Whipple St",0,1,0,0,0,N/A
3253045,"July 5, 2025",Illinois,Chicago,"7119 S Ashland Ave",0,1,0,0,0,N/A
3253988,"July 5, 2025",Illinois,Chicago,"9400 S Union Ave",0,1,0,0,0,N/A
3252576,"July 4, 2025",Illinois,Chicago,"9754 S Harvard Ave",0,1,0,0,0,N/A
3252972,"July 4, 2025",Illinois,Chicago,"4859 S Justine St",0,7,0,0,0,N/A
3252538,"July 4, 2025",Illinois,Chicago,"3400 block of W Cermak Rd",0,1,0,0,0,N/A
3252511,"July 4, 2025",Illinois,Chicago,"3400 block of W 62nd Pl",1,0,0,0,0,N/A
3253063,"July 4, 2025",Illinois,Chicago,"7600 block of S Bishop St",1,0,0,0,0,N/A
3253067,"July 4, 2025",Illinois,Chicago,"1200 block of E 83rd St",1,1,0,0,0,N/A
3253164,"July 4, 2025",Illinois,Chicago,"5900 block of S Justine St",0,1,0,0,0,N/A
3253077,"July 4, 2025",Illinois,Chicago,"6400 block of S Winchester Ave",1,0,0,0,0,N/A
3253198,"July 4, 2025",Illinois,Chicago,"8500 block of S Rhodes Ave",0,1,0,0,0,N/A
3253207,"July 4, 2025",Illinois,Chicago,"6400 block of S Yale Ave",0,1,0,0,0,N/A
3253217,"July 4, 2025",Illinois,Chicago,"6800 block of S Calumet Ave",0,1,0,0,0,N/A
3252885,"July 4, 2025",Illinois,Chicago,"300 block of N Cicero Ave",0,1,0,0,0,N/A
3253058,"July 4, 2025",Illinois,Chicago,"1337 N Springfield Ave",0,1,0,0,0,N/A
3252343,"July 3, 2025",Illinois,Chicago,"7800 block of S May St",0,1,0,0,0,N/A
3252658,"July 3, 2025",Illinois,Chicago,"11946 S Wallace St",0,1,0,0,0,N/A
3252080,"July 3, 2025",Illinois,Chicago,"1607 W 59th St",0,4,0,0,0,N/A
3252866,"July 3, 2025",Illinois,Chicago,"300 block of E 117th St",0,1,0,0,0,N/A
3252863,"July 3, 2025",Illinois,Chicago,"300 block of E Kensington Ave",0,1,0,0,0,N/A
3251873,"July 3, 2025",Illinois,Chicago,"600 block of E 133rd St",0,5,0,0,0,N/A
3251867,"July 3, 2025",Illinois,Chicago,"7100 block of S Jeffery Blvd",1,1,0,0,0,N/A
3252124,"July 3, 2025",Illinois,Chicago,"9953 S Bensley Ave",1,0,0,0,0,N/A
3252663,"July 3, 2025",Illinois,Chicago,"50 N Hamlin Ave",0,1,0,0,0,N/A
3251591,"July 2, 2025",Illinois,Chicago,"4700 block of S Lake Park Ave",0,1,0,0,0,N/A
3251548,"July 2, 2025",Illinois,Chicago,"4328 W Iowa St",0,1,0,0,0,N/A
3251510,"July 2, 2025",Illinois,Chicago,"8029 S Sangamon St",0,1,0,0,0,N/A
3251493,"July 2, 2025",Illinois,Chicago,"1100 block of S State St",0,1,0,0,0,N/A
3251488,"July 2, 2025",Illinois,Chicago,"47 W 79th St",1,0,0,0,0,N/A
3251470,"July 2, 2025",Illinois,Chicago,"12000 block of S LaSalle St",1,0,0,0,0,N/A
3251635,"July 2, 2025",Illinois,Chicago,"311 W Chicago Ave",4,14,0,0,0,N/A
3251780,"July 2, 2025",Illinois,Chicago,"2037 E 70th St",0,1,0,0,0,N/A
3251582,"July 2, 2025",Illinois,Chicago,"7336 S Stony Island Ave",0,1,0,0,0,N/A
3251601,"July 2, 2025",Illinois,Chicago,N/A,0,1,0,0,0,N/A
3251555,"July 1, 2025",Illinois,Chicago,"2300 block of E 93rd St",0,1,0,0,0,N/A
3250816,"July 1, 2025",Illinois,Chicago,"406 W 99th Pl",0,1,0,0,0,N/A
3248710,"June 29, 2025",Illinois,Chicago,"5000 block of S Kedzie Ave",0,1,0,0,0,N/A
3248571,"June 29, 2025",Illinois,Chicago,"9300 S South Chicago Ave",0,1,0,0,0,N/A
3248562,"June 29, 2025",Illinois,Chicago,"103 E 70th St",0,1,0,0,0,N/A
3248521,"June 29, 2025",Illinois,Chicago,"1100 block of W 75th St",0,1,0,0,0,N/A
3248519,"June 29, 2025",Illinois,Chicago,"8500 block of S Elizabeth St",0,1,0,0,0,N/A
3248517,"June 29, 2025",Illinois,Chicago,"5500 block of S Ashland Ave",0,1,0,0,0,N/A
3248513,"June 29, 2025",Illinois,Chicago,"4700 block of W Palmer St",0,1,0,0,0,N/A
3248399,"June 28, 2025",Illinois,Chicago,"800 block of E 63rd St",1,2,0,0,0,N/A
3248511,"June 28, 2025",Illinois,Chicago,"6300 block of S Wentworth Ave",0,1,0,0,0,N/A
3248509,"June 28, 2025",Illinois,Chicago,"9000 block of S Mackinaw Ave",0,1,0,0,0,N/A
3248505,"June 28, 2025",Illinois,Chicago,"9300 block of S Calumet Ave",0,1,0,0,0,N/A
3248501,"June 28, 2025",Illinois,Chicago,"9100 block of S Constance Ave",0,1,0,0,0,N/A
3248479,"June 28, 2025",Illinois,Chicago,"1200 block of S Kildare Ave",0,2,0,0,0,N/A
3247815,"June 28, 2025",Illinois,Chicago,"2230 W Cortland St",1,0,0,0,0,N/A
3248442,"June 28, 2025",Illinois,Chicago,"8100 block of S Cottage Grove Ave",0,1,0,0,0,N/A
3247857,"June 28, 2025",Illinois,Chicago,"11800 block of S State St",0,1,0,0,0,N/A
3248428,"June 28, 2025",Illinois,Chicago,"2500 block of S Rockwell St",0,1,0,0,0,N/A
3247817,"June 27, 2025",Illinois,Chicago,"5400 block of S Prairie Ave",1,0,0,0,1,N/A
3247831,"June 27, 2025",Illinois,Chicago,"1400 block of W 94th St",1,0,0,0,0,N/A
3248416,"June 27, 2025",Illinois,Chicago,"9800 block of S Avenue G",0,1,0,0,0,N/A
3248409,"June 27, 2025",Illinois,Chicago,"6800 block of S Wood St",0,1,0,0,0,N/A
3247052,"June 26, 2025",Illinois,Chicago,"1401 S Sacramento Dr",1,1,0,0,1,N/A
3246843,"June 26, 2025",Illinois,Chicago,"7100 S South Shore Dr",0,1,0,0,0,N/A
3246266,"June 26, 2025",Illinois,Chicago,"3028 W Madison St",0,2,0,0,0,N/A
3247050,"June 26, 2025",Illinois,Chicago,"4055 W 21st St",0,1,0,0,0,N/A
3245907,"June 25, 2025",Illinois,Chicago,"1807 S Komensky Ave",0,2,0,0,0,N/A
3245875,"June 25, 2025",Illinois,Chicago,"S Lawndale Ave and W Polk St",0,1,0,0,0,N/A
3245623,"June 25, 2025",Illinois,Chicago,"6500 S Racine Ave",0,3,0,0,0,N/A
3245937,"June 25, 2025",Illinois,Chicago,"1238 S Springfield Ave",1,0,0,0,1,N/A
3246188,"June 25, 2025",Illinois,Chicago,"5906 S King Dr",0,1,0,0,0,N/A
3246138,"June 25, 2025",Illinois,Chicago,"6428 S Ingleside Ave",0,1,0,0,0,N/A
3246036,"June 25, 2025",Illinois,Chicago,"1500 block of W 78th St",0,1,0,0,0,N/A
3245963,"June 25, 2025",Illinois,Chicago,"2956 W Columbus Ave",0,1,0,0,0,N/A
3244769,"June 24, 2025",Illinois,Chicago,"6808 S Stony Island Ave",0,1,0,0,0,N/A
3244689,"June 24, 2025",Illinois,Chicago,"142 W 35th St",0,1,0,0,0,N/A
3247107,"June 24, 2025",Illinois,Chicago,"1100 block of W Hubbard St",0,0,0,0,0,N/A
3245212,"June 24, 2025",Illinois,Chicago,"3800 block of W Fillmore St",0,1,0,0,0,N/A
3244028,"June 24, 2025",Illinois,Chicago,N/A,0,2,0,0,0,N/A
3244853,"June 24, 2025",Illinois,Chicago,"3000 block of S State St",0,1,0,0,1,N/A
3244958,"June 24, 2025",Illinois,Chicago,"3814 W Grenshaw St",0,1,0,0,0,N/A
3243282,"June 23, 2025",Illinois,Chicago,"8400 block of S Muskegon Ave",0,1,0,0,0,N/A
3244024,"June 23, 2025",Illinois,Chicago,"W 21st Pl and S Keeler Ave",0,1,0,0,0,N/A
3242851,"June 22, 2025",Illinois,Chicago,"4900 block of W Gunnison St",0,1,0,0,0,N/A
3242832,"June 22, 2025",Illinois,Chicago,"4402 W Monroe St",0,1,0,0,0,N/A
3243276,"June 22, 2025",Illinois,Chicago,"5100 block of W Thomas St",0,1,0,0,0,N/A
3243274,"June 22, 2025",Illinois,Chicago,"400 block of N Hamlin Ave",0,1,0,0,0,N/A
3242979,"June 22, 2025",Illinois,Chicago,"5400 block of S Throop St",0,1,0,0,0,N/A
3242452,"June 22, 2025",Illinois,Chicago,"12010 S Harvard Ave",0,1,0,0,0,N/A
3242975,"June 22, 2025",Illinois,Chicago,"1300 block of S Kolin Ave",1,0,0,0,0,N/A
3242436,"June 22, 2025",Illinois,Chicago,"N Elston Ave and Cicero Ave",0,1,0,0,0,N/A
3242417,"June 21, 2025",Illinois,Chicago,"1448 S Tripp Ave",0,1,0,0,0,N/A
3241951,"June 21, 2025",Illinois,Chicago,"2300 block of W Roosevelt Rd",2,1,0,0,0,N/A
3243235,"June 21, 2025",Illinois,Chicago,"3600 block of W 5th Ave",0,2,0,0,0,N/A
3243233,"June 21, 2025",Illinois,Chicago,"100 block of E 93rd St",0,1,0,0,0,N/A
3243230,"June 21, 2025",Illinois,Chicago,"3600 block of W 5th Ave",0,2,0,0,0,N/A
3243166,"June 21, 2025",Illinois,Chicago,"3900 block of W Washington Blvd",0,1,0,0,0,N/A
3243172,"June 21, 2025",Illinois,Chicago,"W 56th St and S Western Ave",0,1,0,0,0,N/A
3243168,"June 21, 2025",Illinois,Chicago,"6200 block of S King Dr",0,1,0,0,0,N/A
3242443,"June 21, 2025",Illinois,Chicago,"8000 block of S Ingleside Ave",0,2,0,0,0,N/A
3241955,"June 21, 2025",Illinois,Chicago,N/A,0,2,0,0,0,N/A
3242251,"June 21, 2025",Illinois,Chicago,"732 S Financial Pl",0,1,0,0,1,N/A
3242468,"June 21, 2025",Illinois,Chicago,"9700 block of S Commercial Ave",0,1,0,0,1,N/A
3241621,"June 20, 2025",Illinois,Chicago,"439 N Wells St",0,1,0,0,0,N/A
3241614,"June 20, 2025",Illinois,Chicago,"4336 W Dickens Ave",0,1,0,0,0,N/A
3241606,"June 20, 2025",Illinois,Chicago,"1517 S Kedzie",0,1,0,0,0,N/A
3241283,"June 20, 2025",Illinois,Chicago,"300 block of S Campbell Ave",0,2,0,0,0,N/A
3241267,"June 20, 2025",Illinois,Chicago,"251 W 63rd St",0,1,0,0,0,N/A
3241262,"June 20, 2025",Illinois,Chicago,"6800 block of S Winchester Ave",0,1,0,0,0,N/A
3241247,"June 20, 2025",Illinois,Chicago,"6700 block of S Parnell Ave",0,1,0,0,0,N/A
3241212,"June 20, 2025",Illinois,Chicago,"2000 block of S Wabash Ave",0,1,0,0,0,N/A
3241958,"June 19, 2025",Illinois,Chicago,"3000 block of W Argyle St",1,0,0,0,0,N/A
3241214,"June 19, 2025",Illinois,Chicago,"600 block of W 63rd St",1,0,0,0,0,N/A
3240006,"June 19, 2025",Illinois,Chicago,"4900 block of W Cortez St",1,0,0,0,0,N/A
3239983,"June 19, 2025",Illinois,Chicago,"9200 block of S Dobson Ave",1,0,0,0,0,N/A
3241241,"June 19, 2025",Illinois,Chicago,"500 block of W Hobbie St",0,1,0,0,1,N/A
3241230,"June 19, 2025",Illinois,Chicago,"6600 block of S Halsted S",0,2,0,0,0,N/A
3239604,"June 18, 2025",Illinois,Chicago,"1900 block of S Springfield Ave",0,2,0,0,0,N/A
3239196,"June 18, 2025",Illinois,Chicago,"13100 S Rhodes Ave",0,1,0,0,0,N/A
3239986,"June 18, 2025",Illinois,Chicago,"3400 block of W Jackson Blvd",0,1,0,0,0,N/A
3238788,"June 17, 2025",Illinois,Chicago,"2800 block of E 93rd St",1,0,0,0,0,N/A
3237996,"June 16, 2025",Illinois,Chicago,"3549 W Flournoy St",1,0,0,0,0,N/A
3234274,"June 16, 2025",Illinois,Chicago,"11500 block of S Prairie Ave",1,0,0,0,0,N/A
3234276,"June 16, 2025",Illinois,Chicago,"1100 block of E 63rd St",0,1,0,0,0,N/A
3234271,"June 16, 2025",Illinois,Chicago,"2400 block of W 51st St",0,1,0,0,1,N/A
3249789,"June 15, 2025",Illinois,Chicago,"4000 block of W Cortland St",0,1,0,0,0,N/A
3249787,"June 15, 2025",Illinois,Chicago,N/A,0,1,0,0,0,N/A
3233709,"June 15, 2025",Illinois,Chicago,"2646 W Evergreen Ave",0,1,0,0,0,N/A
3233394,"June 15, 2025",Illinois,Chicago,"7600 block of S Prairie Ave",1,0,0,0,0,N/A
3233236,"June 14, 2025",Illinois,Chicago,"443 W 62nd St",0,1,0,0,0,N/A
3233234,"June 14, 2025",Illinois,Chicago,"4519 W Wilcox St",0,1,0,0,0,N/A
3249779,"June 14, 2025",Illinois,Chicago,"9100 block of Wabash Ave",0,1,0,0,0,N/A
3233414,"June 14, 2025",Illinois,Chicago,"5800 block of W Cornelia Ave",0,1,0,0,0,N/A
3232874,"June 14, 2025",Illinois,Chicago,"11000 block of S State St",0,1,0,0,0,N/A
3232883,"June 14, 2025",Illinois,Chicago,"2500 block of E 130th St",0,1,0,0,1,N/A
3233387,"June 14, 2025",Illinois,Chicago,"1100 block of N California Ave",0,3,0,0,0,N/A
3232708,"June 13, 2025",Illinois,Chicago,"158 N Laramie Ave",2,0,0,0,0,N/A
3232713,"June 13, 2025",Illinois,Chicago,"4750 S Laporte Ave",0,1,0,0,0,N/A
3231862,"June 12, 2025",Illinois,Chicago,"2039 N St Louis Ave",0,1,0,0,0,N/A
3231854,"June 12, 2025",Illinois,Chicago,"8500 S Racine Ave",0,1,0,0,0,N/A
3231852,"June 12, 2025",Illinois,Chicago,"5003 W Flournoy St",0,1,0,0,0,N/A
3231532,"June 12, 2025",Illinois,Chicago,"8704 S Burley Ave",0,1,0,0,0,N/A
3232064,"June 12, 2025",Illinois,Chicago,"Roosevelt Rd and S Austin Blvd",0,1,0,0,0,N/A
3232061,"June 12, 2025",Illinois,Chicago,"1725 N Meade Ave",0,1,0,0,0,N/A
3231144,"June 11, 2025",Illinois,Chicago,"W 116th St and S Bishop St",0,1,0,0,0,N/A
3231136,"June 11, 2025",Illinois,Chicago,"2058 W Washington Blvd",0,1,0,0,0,N/A
3231131,"June 11, 2025",Illinois,Chicago,N/A,0,1,0,0,0,N/A
3231193,"June 11, 2025",Illinois,Chicago,"600 block of E 31st St",0,1,0,0,0,N/A
3231169,"June 11, 2025",Illinois,Chicago,"7800 block of S Paulina St",1,0,0,0,0,N/A
3230113,"June 10, 2025",Illinois,Chicago,N/A,0,1,0,0,0,N/A
3231049,"June 10, 2025",Illinois,Chicago,"1400 block of Artesian Ave",0,0,1,0,0,N/A
3229175,"June 9, 2025",Illinois,Chicago,"799 W 66th St",0,2,0,0,0,N/A
3229375,"June 9, 2025",Illinois,Chicago,"7900 block of S Cottage Grove Ave",0,2,0,0,0,N/A
3228566,"June 8, 2025",Illinois,Chicago,"5400 block of S Damen Ave",1,1,0,0,0,N/A
3228571,"June 8, 2025",Illinois,Chicago,"300 block of S Central Ave",0,1,0,0,1,N/A
3228093,"June 7, 2025",Illinois,Chicago,"2000 block of E 79th St",1,0,0,0,0,N/A
3228099,"June 7, 2025",Illinois,Chicago,"8300 block of S Sangamon St",0,1,0,0,0,N/A
3228573,"June 7, 2025",Illinois,Chicago,"200 block of W 95th St",0,1,0,0,0,N/A
3227177,"June 6, 2025",Illinois,Chicago,"3429 N Oriole Ave",0,1,0,0,0,N/A
3227155,"June 6, 2025",Illinois,Chicago,"1000 block of S Ashland Ave",0,1,0,0,0,N/A
3227166,"June 6, 2025",Illinois,Chicago,"7100 block of S Bennett Ave",0,1,0,0,0,N/A
3227570,"June 6, 2025",Illinois,Chicago,"5300 block of W Belmont Ave",0,1,0,0,0,N/A
3227584,"June 6, 2025",Illinois,Chicago,"3300 block of W Walnut St",0,2,0,0,0,N/A
3226700,"June 5, 2025",Illinois,Chicago,"3315 W Ainslie St",0,1,0,0,0,N/A
3226876,"June 5, 2025",Illinois,Chicago,"8200 block of S Drexel Ave",1,0,0,0,0,N/A
3224641,"June 3, 2025",Illinois,Chicago,"1450 W Cermak Rd",0,1,0,0,0,N/A
3225095,"June 3, 2025",Illinois,Chicago,"7800 block of S Merrill Ave",1,0,0,0,0,N/A
3224627,"June 3, 2025",Illinois,Chicago,"700 block of N Lake Shore Dr",0,1,0,0,0,N/A
3226192,"June 3, 2025",Illinois,Chicago,"2400 block of W 21st St",0,1,0,0,0,N/A
3226131,"June 3, 2025",Illinois,Chicago,"4100 block of W 19th St",0,2,0,0,0,N/A
3225192,"June 2, 2025",Illinois,Chicago,"13307 S Langley Ave",1,0,0,0,0,N/A
3223182,"June 1, 2025",Illinois,Chicago,"6913 S Merrill Ave",0,1,0,0,0,N/A
3224043,"June 1, 2025",Illinois,Chicago,"5423 W Division St",0,1,0,0,0,N/A
3222980,"June 1, 2025",Illinois,Chicago,"11900 block of S Wallace St",1,0,0,0,0,N/A
3223842,"June 1, 2025",Illinois,Chicago,"9346 S Perry Ave",0,1,0,0,0,N/A
3223808,"June 1, 2025",Illinois,Chicago,"2000 block of W Chase Ave",0,1,0,0,0,N/A
3222934,"June 1, 2025",Illinois,Chicago,"3644 W Polk St",0,1,0,0,1,N/A
3222400,"May 31, 2025",Illinois,Chicago,"203 E 75th St",0,1,0,0,0,N/A
3222977,"May 31, 2025",Illinois,Chicago,"W Le Moyne St and N Monitor Ave",0,1,0,0,0,N/A
3222314,"May 31, 2025",Illinois,Chicago,"3100 block of N Central Ave",0,0,0,1,0,N/A
3222306,"May 31, 2025",Illinois,Chicago,"7800 block of S Throop St",0,7,0,0,0,N/A
3223988,"May 30, 2025",Illinois,Chicago,N/A,1,0,0,0,0,N/A
3221362,"May 30, 2025",Illinois,Chicago,"4752 W Harrison St",0,1,0,0,0,N/A
3221358,"May 30, 2025",Illinois,Chicago,"10800 block of S Eggleston Ave",0,1,0,0,0,N/A
3222040,"May 30, 2025",Illinois,Chicago,"50 block of S Springfield Ave",1,1,0,0,0,N/A
3221335,"May 29, 2025",Illinois,Chicago,"4300 block of W North Ave",0,1,1,0,0,N/A
3220537,"May 29, 2025",Illinois,Chicago,"7700 W Belmont Ave",0,0,0,1,0,N/A
3219228,"May 27, 2025",Illinois,Chicago,"8700 block of S Marquette Ave",0,1,0,0,0,N/A
3220554,"May 27, 2025",Illinois,Chicago,"6300 block of S Damen Ave",0,1,0,0,1,N/A
3219279,"May 27, 2025",Illinois,Chicago,"11000 block of S Ashland Ave",1,0,0,0,1,N/A
3218361,"May 26, 2025",Illinois,Chicago,"200 block of S Cicero Ave",0,1,0,0,1,N/A
3219607,"May 26, 2025",Illinois,Chicago,"1600 block of S Springfield Ave",1,0,0,0,0,N/A
3217883,"May 25, 2025",Illinois,Chicago,"7300 block of S Chappel Ave",0,1,0,0,0,N/A
3217881,"May 25, 2025",Illinois,Chicago,"2700 block of W 12th Pl",0,1,0,0,0,N/A
3217877,"May 25, 2025",Illinois,Chicago,"4700 block of S Cicero Ave",0,1,0,0,0,N/A
3217659,"May 25, 2025",Illinois,Chicago,"1800 block of S Karlov Ave",0,1,0,0,0,N/A
3217629,"May 25, 2025",Illinois,Chicago,"7500 block of S Calumet Ave",0,2,0,0,0,N/A
3217519,"May 25, 2025",Illinois,Chicago,"3000 block of W Chicago Ave",0,2,0,0,0,N/A
3217527,"May 25, 2025",Illinois,Chicago,"4800 block of N Sheridan Rd",0,1,0,0,0,N/A
3218070,"May 25, 2025",Illinois,Chicago,"500 block of E 75th St",0,1,0,0,1,N/A
3218068,"May 25, 2025",Illinois,Chicago,"825 E 87th St",0,1,0,0,0,N/A
3217860,"May 24, 2025",Illinois,Chicago,"6800 block of S Emerald Ave",0,2,0,0,0,N/A
3217869,"May 24, 2025",Illinois,Chicago,"4900 block of W Ferdinand St",0,1,0,0,0,N/A
3217873,"May 24, 2025",Illinois,Chicago,"400 block of E 95th St",0,1,0,0,0,N/A
3217148,"May 24, 2025",Illinois,Chicago,"800 block of N Sacramento Blvd",1,0,0,0,0,N/A
3217545,"May 24, 2025",Illinois,Chicago,"700 block of E 60th St",0,1,0,0,0,N/A
3216952,"May 24, 2025",Illinois,Chicago,"1700 block of N Spaulding Ave",1,0,0,0,0,N/A
3217181,"May 24, 2025",Illinois,Chicago,"200 block of S Cicero Ave",0,1,0,0,1,N/A
3216787,"May 23, 2025",Illinois,Chicago,"7050 S Damen Ave",1,0,0,1,0,N/A
3216287,"May 23, 2025",Illinois,Chicago,"3800 block of W Augusta Blvd",1,0,0,0,0,N/A
3216254,"May 23, 2025",Illinois,Chicago,"2000 block of E 71st St",0,1,0,0,0,N/A
3217535,"May 23, 2025",Illinois,Chicago,"7300 block of S Winchester Ave",0,1,0,0,0,N/A
3216250,"May 23, 2025",Illinois,Chicago,"5600 block of S Justine St",0,1,0,0,0,N/A
3216996,"May 23, 2025",Illinois,Chicago,"4700 block of S Lake Park Ave",0,1,0,0,1,N/A
3216303,"May 22, 2025",Illinois,Chicago,"6200 block of S Rhodes Ave",0,2,0,0,0,N/A
3215218,"May 22, 2025",Illinois,Chicago,"800 block of S Loomis St",0,1,0,0,0,N/A
3214792,"May 21, 2025",Illinois,Chicago,"741 N Trumbull Ave",0,1,0,0,0,N/A
3213344,"May 19, 2025",Illinois,Chicago,"9 E 111th St",2,0,0,0,1,N/A
3212709,"May 19, 2025",Illinois,Chicago,"1500 block of W Marquette Rd",0,1,0,0,0,N/A
3212096,"May 18, 2025",Illinois,Chicago,"8231 S Elizabeth St",1,0,0,0,0,N/A
3213399,"May 18, 2025",Illinois,Chicago,"5600 block of S Green St",0,1,0,0,0,N/A
3213391,"May 18, 2025",Illinois,Chicago,N/A,0,1,0,0,0,N/A
3213361,"May 18, 2025",Illinois,Chicago,"8200 block of S King Dr",0,1,0,0,0,N/A
3212134,"May 18, 2025",Illinois,Chicago,"8259 S Calumet Ave",0,1,0,0,0,N/A
3212093,"May 18, 2025",Illinois,Chicago,"11180 S Esmond St",0,1,0,0,0,N/A
3212087,"May 18, 2025",Illinois,Chicago,"6200 block of Martin Luther King Dr",0,1,0,0,0,N/A
3212703,"May 18, 2025",Illinois,Chicago,"4500 block of N Kennicott Ave",1,0,0,0,0,N/A
3212011,"May 18, 2025",Illinois,Chicago,"300 block of W Ontario St",0,1,0,0,0,N/A
3213355,"May 17, 2025",Illinois,Chicago,"6400 block of S Green Str",0,1,0,0,0,N/A
3211714,"May 17, 2025",Illinois,Chicago,"10123 S Yates Blvd",0,1,0,0,0,N/A
3212085,"May 17, 2025",Illinois,Chicago,"2000 block of W Marquette Rd",0,1,0,0,0,N/A
3212044,"May 17, 2025",Illinois,Chicago,"400 block of W 110th St",1,0,0,0,0,N/A
3212009,"May 17, 2025",Illinois,Chicago,"6759 S Throop St",0,1,0,0,0,N/A
3211299,"May 16, 2025",Illinois,Chicago,"13054 S Drexel Ave",0,1,0,0,0,N/A
3211572,"May 16, 2025",Illinois,Chicago,"10300 S Wentworth Ave",0,1,0,0,0,N/A
3211561,"May 16, 2025",Illinois,Chicago,"3500 block of W 5th Ave",0,2,0,0,0,N/A
3210818,"May 16, 2025",Illinois,Chicago,"E 81st St and S Evans Ave",0,1,0,0,0,N/A
3211557,"May 16, 2025",Illinois,Chicago,"9000 block of S Exchange Ave",0,3,0,0,0,N/A
3211548,"May 16, 2025",Illinois,Chicago,"600 block of S Homan Ave",0,4,0,0,0,N/A
3210720,"May 15, 2025",Illinois,Chicago,"952 W Waveland Ave",0,1,0,0,0,N/A
3210081,"May 15, 2025",Illinois,Chicago,"5800 block of W Schubert Ave",0,3,0,0,0,N/A
3210836,"May 15, 2025",Illinois,Chicago,"9900 block of S Crilly Dr",1,2,0,0,0,N/A
3210563,"May 15, 2025",Illinois,Chicago,"1659 S Ridgeway Ave",1,0,0,0,0,N/A
3210086,"May 15, 2025",Illinois,Chicago,"7800 block of S Eberhart Ave",1,0,0,0,0,N/A
3210062,"May 15, 2025",Illinois,Chicago,"4003 W West End Ave",0,1,0,0,0,N/A
3209804,"May 14, 2025",Illinois,Chicago,"3100 block of S Ashland Ave",0,1,0,0,0,N/A
3209333,"May 14, 2025",Illinois,Chicago,"7448 S Stony Island Ave",1,0,0,0,1,N/A
3209035,"May 13, 2025",Illinois,Chicago,N/A,0,2,0,0,0,N/A
3208969,"May 13, 2025",Illinois,Chicago,"5900 block of N California Ave",0,1,0,0,0,N/A
3208959,"May 13, 2025",Illinois,Chicago,"5511 W Van Buren St",0,1,0,0,0,N/A
3209359,"May 13, 2025",Illinois,Chicago,"1000 block of W 14th St",1,0,0,0,0,N/A
3209123,"May 13, 2025",Illinois,Chicago,"3609 W Grenshaw St",0,1,0,0,0,N/A
3208097,"May 12, 2025",Illinois,Chicago,"6237 N Whipple St",0,1,0,0,0,N/A
3207617,"May 12, 2025",Illinois,Chicago,"8141 S State St",0,1,0,0,0,N/A
3208280,"May 12, 2025",Illinois,Chicago,"3900 block of W Thomas St",1,0,0,0,0,N/A
3207453,"May 12, 2025",Illinois,Chicago,"7600 block of W Belmont Ave",0,1,0,0,0,N/A
3207449,"May 12, 2025",Illinois,Chicago,"6700 block of N Sheridan Rd",0,1,0,0,0,N/A
3207451,"May 11, 2025",Illinois,Chicago,"7500 block of S Normal Ave",1,0,0,0,1,N/A
3206983,"May 11, 2025",Illinois,Chicago,"100 block of W Ontario St",0,1,0,0,0,N/A
3207455,"May 11, 2025",Illinois,Chicago,"9600 block of S Wabash Ave",0,1,0,0,0,N/A
3206950,"May 10, 2025",Illinois,Chicago,"1900 block of N Austin Ave",0,0,0,1,1,N/A
3206444,"May 10, 2025",Illinois,Chicago,"2743 W 64th St",0,1,0,0,0,N/A
3210105,"May 10, 2025",Illinois,Chicago,"7900 block of S Essex Ave",1,0,0,0,1,N/A
3206997,"May 10, 2025",Illinois,Chicago,"8000 block of S Ingleside Ave",0,1,0,0,0,N/A
3206376,"May 10, 2025",Illinois,Chicago,"2100 block of S Fairfield Ave",1,0,0,0,0,N/A
3206389,"May 10, 2025",Illinois,Chicago,"2660 E 79th St",0,1,0,0,0,N/A
3206385,"May 10, 2025",Illinois,Chicago,"3120 W Madison St",0,1,0,0,0,N/A
3206381,"May 10, 2025",Illinois,Chicago,"240 E 38th St",0,1,0,0,0,N/A
3206937,"May 10, 2025",Illinois,Chicago,"2400 block of S Troy St",0,1,0,0,0,N/A
3206361,"May 10, 2025",Illinois,Chicago,"6341 N Broadway",2,1,0,0,0,N/A
3205855,"May 9, 2025",Illinois,Chicago,"1500 block of W 91st St",0,1,0,0,0,N/A
3206383,"May 9, 2025",Illinois,Chicago,"5429 W Jackson Blvd",1,0,0,0,0,N/A
3206401,"May 9, 2025",Illinois,Chicago,"3810 W Arthington St",1,0,0,0,0,N/A
3205733,"May 8, 2025",Illinois,Chicago,"913 W 59th St",0,1,0,0,0,N/A
3205729,"May 8, 2025",Illinois,Chicago,"12056 S Parnell Ave",0,1,0,0,0,N/A
3228579,"May 8, 2025",Illinois,Chicago,"3100 block of W Madison St",1,0,0,0,0,N/A
3204647,"May 7, 2025",Illinois,Chicago,"173 N Lavergne Ave",0,1,0,0,0,N/A
3204604,"May 7, 2025",Illinois,Chicago,"742 N Spaulding Ave",0,2,0,0,3,N/A
3204651,"May 7, 2025",Illinois,Chicago,"200 block of E Pershing Rd",0,1,0,0,1,N/A
3204918,"May 7, 2025",Illinois,Chicago,"3700 block of W 71st St",0,1,0,0,0,N/A
3203669,"May 6, 2025",Illinois,Chicago,"7859 S Avalon Ave",0,1,0,0,0,N/A
3203897,"May 6, 2025",Illinois,Chicago,"2600 block of W Congress Pkwy",0,1,0,0,0,N/A
3202595,"May 5, 2025",Illinois,Chicago,"6077 N Albany",1,0,0,0,0,N/A
3202025,"May 5, 2025",Illinois,Chicago,"10600 block of S LaSalle St",0,0,0,1,1,N/A
3202068,"May 5, 2025",Illinois,Chicago,"6300 block of S California Ave",0,1,0,0,0,N/A
3203707,"May 5, 2025",Illinois,Chicago,"7700 block of N Paulina St",0,1,0,0,0,N/A
3201924,"May 5, 2025",Illinois,Chicago,"1448 E 75th St",0,0,1,0,0,N/A
3201928,"May 5, 2025",Illinois,Chicago,"100 block of S Hamlin Blvd",0,1,0,0,0,N/A
3203676,"May 5, 2025",Illinois,Chicago,"5200 block of S Washtenaw Ave",1,0,0,0,0,N/A
3202050,"May 4, 2025",Illinois,Chicago,"3800 block of W 14th St",0,1,0,0,1,N/A
3201653,"May 4, 2025",Illinois,Chicago,"1515 S Laflin St",1,0,0,0,0,N/A
3200962,"May 3, 2025",Illinois,Chicago,"2700 block of N Hoyne Ave",0,1,0,0,0,N/A
3200577,"May 3, 2025",Illinois,Chicago,"5042 W Quincy St",1,0,0,0,0,N/A
3200579,"May 3, 2025",Illinois,Chicago,"300 block of W Marquette Rd",0,1,0,0,0,N/A
3200585,"May 3, 2025",Illinois,Chicago,"1400 block of S Kenneth Ave",0,1,0,0,0,N/A
3200583,"May 3, 2025",Illinois,Chicago,"1100 block of E 91st St",0,1,0,0,0,N/A
3200581,"May 3, 2025",Illinois,Chicago,"1200 block of N Massasoit Ave",1,0,0,0,0,N/A
3200002,"May 2, 2025",Illinois,Chicago,"822 S Kolmar Ave",0,1,0,0,0,N/A
3200572,"May 2, 2025",Illinois,Chicago,"205 S Hoyne Ave",0,3,0,0,0,N/A
3199948,"May 1, 2025",Illinois,Chicago,"4800 block of S Drexel Blvd",0,0,0,1,0,N/A
3199946,"May 1, 2025",Illinois,Chicago,"4500 block of W 5th Ave",0,1,0,0,0,N/A
3198354,"April 30, 2025",Illinois,Chicago,"11200 block of S Normal Ave",1,0,0,0,1,N/A
3197948,"April 29, 2025",Illinois,Chicago,"850 E 63rd St",0,1,0,0,0,N/A
3198574,"April 29, 2025",Illinois,Chicago,"5000 block of W Quincy St",0,1,0,0,0,N/A
3197982,"April 29, 2025",Illinois,Chicago,"501 N Laramie Ave",1,0,0,0,0,N/A
3197966,"April 29, 2025",Illinois,Chicago,"1841 W Maypole Ave",0,1,0,0,0,N/A
3197279,"April 29, 2025",Illinois,Chicago,"7900 block of S Maryland Ave",0,3,0,0,0,N/A
3196942,"April 28, 2025",Illinois,Chicago,"4655 W Fulton St",0,1,0,0,0,N/A
3196426,"April 27, 2025",Illinois,Chicago,"4800 block of W Belmont Ave",0,1,0,0,1,N/A
3196440,"April 27, 2025",Illinois,Chicago,N/A,0,1,0,0,0,N/A
3196418,"April 27, 2025",Illinois,Chicago,"5700 block of N Pulaski Rd",0,1,0,0,0,N/A
3195753,"April 27, 2025",Illinois,Chicago,"5400 block of S Damen Ave",0,1,0,0,0,N/A
3195746,"April 27, 2025",Illinois,Chicago,"600 block of E 92nd Pl",0,1,0,0,0,N/A
3195740,"April 26, 2025",Illinois,Chicago,"2500 block of S Hillock Ave",1,0,0,0,0,N/A
3195308,"April 26, 2025",Illinois,Chicago,"S Homan Ave and W 16th St",0,1,0,0,0,N/A
3196410,"April 26, 2025",Illinois,Chicago,"7800 block of S Coles Ave",0,1,0,0,0,N/A
3196401,"April 26, 2025",Illinois,Chicago,N/A,0,1,0,0,0,N/A
3196399,"April 26, 2025",Illinois,Chicago,"3500 block of W Madison St",0,1,0,0,0,N/A
3194586,"April 25, 2025",Illinois,Chicago,N/A,0,1,0,0,0,N/A
3194570,"April 25, 2025",Illinois,Chicago,"7900 block of S Ashland Ave",0,1,0,0,0,N/A
3194549,"April 25, 2025",Illinois,Chicago,"3100 block of W Arthington St",0,1,0,0,0,N/A
3194526,"April 25, 2025",Illinois,Chicago,"6700 block of S Justine St",0,1,0,0,0,N/A
3196392,"April 25, 2025",Illinois,Chicago,"300 block of S Whipple St",0,1,0,0,0,N/A
3192608,"April 24, 2025",Illinois,Chicago,"6700 block of S Aberdeen St",0,1,0,0,1,N/A
3194576,"April 24, 2025",Illinois,Chicago,"13000 block of S Champlain Ave",0,1,0,0,0,N/A
3194551,"April 24, 2025",Illinois,Chicago,N/A,0,1,0,0,0,N/A
3192294,"April 23, 2025",Illinois,Chicago,"204 N Homan Ave",0,1,0,0,0,N/A
3205508,"April 23, 2025",Illinois,Chicago,"I-55 and Harlem Ave",0,1,0,0,1,N/A
3192304,"April 23, 2025",Illinois,Chicago,"7133 S Cyril Ave",0,1,0,0,1,N/A
3192275,"April 23, 2025",Illinois,Chicago,"5502 S Union Ave",0,1,0,0,0,N/A
3192499,"April 23, 2025",Illinois,Chicago,"8800 blockof S Burley Ave",0,1,0,0,0,N/A
3190892,"April 22, 2025",Illinois,Chicago,"6000 block of N Sheridan Rd",1,0,0,0,0,N/A
3191555,"April 22, 2025",Illinois,Chicago,"5942 S Paulina St",0,1,0,0,0,N/A
3191551,"April 22, 2025",Illinois,Chicago,"5033 W Quincy St",0,1,0,0,0,N/A
3190773,"April 21, 2025",Illinois,Chicago,"5648 S Justine St",0,1,0,0,0,N/A
3190763,"April 21, 2025",Illinois,Chicago,"1303 W Hastings St",0,1,0,0,0,N/A
3190745,"April 21, 2025",Illinois,Chicago,"4012 W 21st St",0,1,0,0,0,N/A
3190728,"April 21, 2025",Illinois,Chicago,"10829 S Buffalo Ave",0,1,0,0,0,N/A
3190898,"April 21, 2025",Illinois,Chicago,"900 block of W Hubbard St",1,0,0,0,0,N/A
3189538,"April 20, 2025",Illinois,Chicago,"3812 S Michigan Ave",0,1,0,0,0,N/A
3189089,"April 20, 2025",Illinois,Chicago,"7200 block of S Green St",1,0,0,0,0,N/A
3189085,"April 20, 2025",Illinois,Chicago,"7200 block of S Paxton Ave",2,1,0,0,0,N/A
3189775,"April 20, 2025",Illinois,Chicago,"5600 block of S Justine St",0,1,0,0,0,N/A
3189772,"April 20, 2025",Illinois,Chicago,"430 S Racine Ave",0,1,0,0,0,N/A
3188629,"April 19, 2025",Illinois,Chicago,"100 block of N Central Ave",0,1,0,0,0,N/A
3188625,"April 19, 2025",Illinois,Chicago,"500 block of N Leavitt St",0,1,0,0,0,N/A
3188587,"April 19, 2025",Illinois,Chicago,"2400 block of N Milwaukee Ave",0,1,0,0,0,N/A
3189112,"April 19, 2025",Illinois,Chicago,"1300 block of W Hastings St",0,1,0,0,0,N/A
3189110,"April 19, 2025",Illinois,Chicago,"4200 block of W 21st St",0,1,0,0,0,N/A
3188584,"April 19, 2025",Illinois,Chicago,"1400 block of W Division St",0,1,0,0,1,N/A
3188612,"April 18, 2025",Illinois,Chicago,"4500 S Wood St",0,1,0,0,0,N/A
3188202,"April 18, 2025",Illinois,Chicago,"5618 W North Ave",1,0,0,0,0,N/A
3188559,"April 18, 2025",Illinois,Chicago,"5000 block of W West End Ave",0,3,0,0,0,N/A
3188210,"April 17, 2025",Illinois,Chicago,"241 W 37th Pl",0,1,0,0,0,N/A
3187966,"April 17, 2025",Illinois,Chicago,"1952 W Garfield Blvd",0,1,0,0,0,N/A
3187149,"April 17, 2025",Illinois,Chicago,"6800 S Parnell Ave",0,1,0,0,0,N/A
3187132,"April 17, 2025",Illinois,Chicago,"4900 block of N Kenmore Ave",0,1,0,0,1,N/A
3186944,"April 16, 2025",Illinois,Chicago,"800 block of W Lill Ave",1,0,0,0,1,N/A
3186803,"April 16, 2025",Illinois,Chicago,"220 W Garfield Blvd",0,1,0,0,0,N/A
3187128,"April 16, 2025",Illinois,Chicago,"3100 block of W Lexington St",0,1,0,0,0,N/A
3186704,"April 15, 2025",Illinois,Chicago,"1000 block of W 115th St",1,0,0,0,0,N/A
3185274,"April 15, 2025",Illinois,Chicago,"743 N Spaulding Ave",1,0,0,0,0,N/A
3185264,"April 15, 2025",Illinois,Chicago,"7829 S Carpenter St",0,1,0,0,0,N/A
3186077,"April 15, 2025",Illinois,Chicago,"8800 S Clyde Ave",0,1,0,0,0,N/A
3184929,"April 14, 2025",Illinois,Chicago,"5035 W Washington Blvd",0,1,0,0,0,N/A
3185294,"April 14, 2025",Illinois,Chicago,"3216 N Harlem Ave",0,1,0,0,0,N/A
3187923,"April 14, 2025",Illinois,Chicago,"6600 block of S Halsted St",0,1,0,0,0,N/A
3184957,"April 14, 2025",Illinois,Chicago,"4320 W 25th Pl",0,1,0,0,1,N/A
3183745,"April 13, 2025",Illinois,Chicago,"1200 block of W Devon Ave",0,2,0,0,0,N/A
3183743,"April 13, 2025",Illinois,Chicago,"50 block of E Goethe St",0,1,0,0,0,N/A
3184417,"April 13, 2025",Illinois,Chicago,"13400 block of S Brandon Ave",0,1,0,0,0,N/A
3183731,"April 12, 2025",Illinois,Chicago,"1660 W Howard St",0,3,0,0,0,N/A
3183138,"April 12, 2025",Illinois,Chicago,"13300 block of S Avenue M",1,0,0,0,0,N/A
3183764,"April 12, 2025",Illinois,Chicago,"3600 block of W Armitage Ave",0,1,0,0,0,N/A
3183762,"April 12, 2025",Illinois,Chicago,"4700 block of S Cicero Ave",0,1,0,0,0,N/A
3183759,"April 12, 2025",Illinois,Chicago,"7200 block of S Green St",0,2,0,0,0,N/A
3183150,"April 12, 2025",Illinois,Chicago,"600 block of E 60th St",0,1,0,0,0,N/A
3183719,"April 12, 2025",Illinois,Chicago,"400 block of S Peoria St",1,0,0,0,1,N/A
3183134,"April 11, 2025",Illinois,Chicago,"6900 block of S Lowe Ave",0,1,0,0,0,N/A
3183136,"April 11, 2025",Illinois,Chicago,"3300 block of W Adams St",0,1,0,0,0,N/A
3184374,"April 11, 2025",Illinois,Chicago,"5000 block of N Winthrop Ave",0,1,0,0,0,N/A
3181514,"April 10, 2025",Illinois,Chicago,"1160 N Larrabee Ave",1,0,0,0,0,N/A
3182310,"April 10, 2025",Illinois,Chicago,"6700 block of S Oglesby Ave",0,1,0,0,1,N/A
3181291,"April 9, 2025",Illinois,Chicago,"S Phillips Ave and E 79th St",0,1,0,0,0,N/A
3180785,"April 9, 2025",Illinois,Chicago,"6204 S Indiana Ave",0,1,0,0,0,N/A
3181552,"April 9, 2025",Illinois,Chicago,"S Leamington Ave and W Quincy St",0,1,0,0,0,N/A
3181225,"April 9, 2025",Illinois,Chicago,"309 N Cicero Ave",1,1,0,0,0,N/A
3181516,"April 9, 2025",Illinois,Chicago,"1711 S Clinton",0,1,0,0,0,N/A
3180762,"April 9, 2025",Illinois,Chicago,"3801 W Harrison St",0,1,0,0,1,N/A
3180327,"April 8, 2025",Illinois,Chicago,"3901 W Roosevelt Rd",0,1,0,0,0,N/A
3179885,"April 8, 2025",Illinois,Chicago,"8008 S Wentworth Ave",0,1,0,0,0,N/A
3179700,"April 8, 2025",Illinois,Chicago,"1143 W Cullerton St",0,1,0,0,0,N/A
3180488,"April 8, 2025",Illinois,Chicago,"7915 S California Ave",0,1,0,0,0,N/A
3179001,"April 7, 2025",Illinois,Chicago,"4800 block of W Polk St",0,1,0,0,0,N/A
3179399,"April 7, 2025",Illinois,Chicago,"30 E Hubbard St",0,0,0,1,0,N/A
3178569,"April 6, 2025",Illinois,Chicago,"5412 W Madison St",0,1,0,0,0,N/A
3178492,"April 6, 2025",Illinois,Chicago,"3700 block of W Armitage Ave",0,1,0,0,0,N/A
3178489,"April 6, 2025",Illinois,Chicago,"1800 block of S Blue Island Ave",0,1,0,0,0,N/A
3178404,"April 6, 2025",Illinois,Chicago,"2249 W Monroe St",0,1,0,0,0,N/A
3178392,"April 6, 2025",Illinois,Chicago,"6900 block of S Crandon Ave",0,1,0,0,0,N/A
3177818,"April 5, 2025",Illinois,Chicago,"4000 block of W Grenshaw St",0,1,0,0,1,N/A
3178483,"April 5, 2025",Illinois,Chicago,"7900 block of S Maryland Ave",0,1,0,0,0,N/A
3178475,"April 5, 2025",Illinois,Chicago,"7700 block of S May St",0,1,0,0,0,N/A
3177858,"April 5, 2025",Illinois,Chicago,"612 E 71st St",0,0,0,1,1,N/A
3178449,"April 5, 2025",Illinois,Chicago,"800 block of N Keystone Ave",0,1,0,0,0,N/A
3177824,"April 5, 2025",Illinois,Chicago,"7200 block of S Green St",0,2,0,0,0,N/A
3178398,"April 5, 2025",Illinois,Chicago,"1300 block of W 76th St",1,0,0,0,0,N/A
3177474,"April 4, 2025",Illinois,Chicago,"11550 S Halsted St",0,1,0,0,0,N/A
3177465,"April 4, 2025",Illinois,Chicago,"2429 E 72nd St",0,1,0,0,0,N/A
3177853,"April 4, 2025",Illinois,Chicago,"6811 S Kenwood Ave",0,1,0,0,0,N/A
3177467,"April 4, 2025",Illinois,Chicago,"6700 block of S Oakley Ave",0,1,0,0,0,N/A
3187144,"April 4, 2025",Illinois,Chicago,"2700 block of W Harrison St",0,1,0,0,0,N/A
3177018,"April 3, 2025",Illinois,Chicago,"5113 S Justine St",0,1,0,0,0,N/A
3177013,"April 3, 2025",Illinois,Chicago,"10 S Kedzie Ave",0,1,0,0,0,N/A
3176212,"April 2, 2025",Illinois,Chicago,"8410 S Aberdeen St",1,0,0,0,0,N/A
3174862,"April 1, 2025",Illinois,Chicago,"1743 E 95th St",0,1,0,0,0,N/A
3174849,"April 1, 2025",Illinois,Chicago,"2614 E 77th St",0,2,0,0,0,N/A
3175546,"April 1, 2025",Illinois,Chicago,"5917 N Virginia Ave",0,1,0,0,0,N/A
3174691,"March 31, 2025",Illinois,Chicago,"8053 S Paulina St",1,0,0,0,0,N/A
3174695,"March 31, 2025",Illinois,Chicago,"S Vincennes Ave and W 99th St",0,1,0,0,0,N/A
3174686,"March 31, 2025",Illinois,Chicago,"811 N Monticello Ave",0,1,0,0,0,N/A
3173365,"March 30, 2025",Illinois,Chicago,"406 E 94th St",0,1,0,0,0,N/A
3173158,"March 30, 2025",Illinois,Chicago,"9700 block of S Emerald Ave",0,1,0,0,0,N/A
3173708,"March 30, 2025",Illinois,Chicago,"7900 block of S Exchange Ave",0,1,0,0,0,N/A
3172887,"March 29, 2025",Illinois,Chicago,"200 block of E 103rd St",0,1,0,0,0,N/A
3172420,"March 29, 2025",Illinois,Chicago,"1500 block of N Monitor Ave",0,1,0,0,0,N/A
3171654,"March 28, 2025",Illinois,Chicago,"7808 S South Shore Dr",0,1,0,0,0,N/A
3171644,"March 28, 2025",Illinois,Chicago,"7639 S Colfax Ave",0,1,0,0,0,N/A
3171973,"March 28, 2025",Illinois,Chicago,"2808 S Komensky Ave",1,0,0,0,0,N/A
3172458,"March 28, 2025",Illinois,Chicago,"5110 S Calumet Ave",0,1,0,0,0,N/A
3171975,"March 28, 2025",Illinois,Chicago,"8190 S Scottsdale Ave",0,1,0,0,1,N/A
3172413,"March 28, 2025",Illinois,Chicago,"400 block of N Cityfront Plaza Dr",0,1,0,0,1,N/A
3171182,"March 27, 2025",Illinois,Chicago,"4700 block of W Monroe St",1,0,0,0,0,N/A
3171519,"March 27, 2025",Illinois,Chicago,"11835 S Perry Ave",0,1,0,0,0,N/A
3169837,"March 26, 2025",Illinois,Chicago,"242 W 72nd St",1,0,0,0,0,N/A
3169851,"March 26, 2025",Illinois,Chicago,"10142 S Prairie Ave",1,0,0,0,0,N/A
3169333,"March 25, 2025",Illinois,Chicago,"13400 block of S Green Bay Ave",0,0,0,1,1,N/A
3169318,"March 25, 2025",Illinois,Chicago,"12117 S Eggleston Ave",1,0,0,0,0,N/A
3168580,"March 24, 2025",Illinois,Chicago,"500 block of W 65th Pl",1,0,0,0,1,N/A
3167789,"March 24, 2025",Illinois,Chicago,"6655 S Sangamon St",1,0,0,0,0,N/A
3167469,"March 23, 2025",Illinois,Chicago,"6038 N Sacramento Ave",0,1,0,0,0,N/A
3167471,"March 23, 2025",Illinois,Chicago,"3820 W 47th St",0,1,0,0,0,N/A
3167465,"March 23, 2025",Illinois,Chicago,"5300 block of S Kedzie Ave",1,0,0,0,1,N/A
3166948,"March 22, 2025",Illinois,Chicago,"3300 block of W 23rd St",0,1,0,0,0,N/A
3166509,"March 22, 2025",Illinois,Chicago,"4700 block of S Evans Ave",1,2,0,0,0,N/A
3166004,"March 22, 2025",Illinois,Chicago,"4900 block of S Cornell Ave",1,0,0,0,0,N/A
3166017,"March 22, 2025",Illinois,Chicago,"403 E 79th St",1,0,0,0,0,N/A
3166002,"March 22, 2025",Illinois,Chicago,"6400 block of N Richmond St",1,0,0,0,2,N/A
3166034,"March 21, 2025",Illinois,Chicago,"8700 S Morgan St",0,1,0,0,1,N/A
3167874,"March 21, 2025",Illinois,Chicago,"6100 block of S Justine St",2,0,0,0,0,N/A
3165525,"March 21, 2025",Illinois,Chicago,"6306 S Artesian Ave",0,1,0,0,0,N/A
3165702,"March 21, 2025",Illinois,Chicago,"3300 block of W 55th St",0,1,0,0,0,N/A
3164506,"March 20, 2025",Illinois,Chicago,"900 block of E 100th St",0,0,1,0,0,N/A
3165235,"March 20, 2025",Illinois,Chicago,"3800 block of W Polk St",0,1,0,0,0,N/A
3165186,"March 20, 2025",Illinois,Chicago,"1400 block of E 71st Pl",1,0,0,1,0,N/A
3164140,"March 19, 2025",Illinois,Chicago,"6125 N Karlov Ave",0,1,0,0,0,N/A
3164133,"March 19, 2025",Illinois,Chicago,"3800 block of W Madison St",0,1,0,0,0,N/A
3163445,"March 18, 2025",Illinois,Chicago,"209 N Kostner Ave",0,1,0,0,0,N/A
3163434,"March 18, 2025",Illinois,Chicago,"3601 W Grenshaw St",0,1,0,0,0,N/A
3163422,"March 18, 2025",Illinois,Chicago,"S Kostner Ave and W Adams St",0,2,0,0,0,N/A
3163839,"March 18, 2025",Illinois,Chicago,"15 W 69th St",1,0,0,0,1,N/A
3162158,"March 17, 2025",Illinois,Chicago,"1500 block of S Kildare Ave",1,0,0,0,0,N/A
3162797,"March 17, 2025",Illinois,Chicago,"125 E 123rd St",0,1,0,0,0,N/A
3162781,"March 17, 2025",Illinois,Chicago,"400 N Pine Ave",0,1,0,0,0,N/A
3161966,"March 16, 2025",Illinois,Chicago,"4226 W Crystal St",1,2,0,0,0,N/A
3161719,"March 16, 2025",Illinois,Chicago,"1300 block of N Hudson Ave",1,0,0,0,1,N/A
3161724,"March 16, 2025",Illinois,Chicago,"6100 block of S Stewart Ave",0,1,0,0,0,N/A
3161721,"March 16, 2025",Illinois,Chicago,"200 block of S Lavergne Ave",0,1,0,0,0,N/A
3161716,"March 15, 2025",Illinois,Chicago,"5000 block of S East End Ave",0,1,0,0,0,N/A
3161299,"March 15, 2025",Illinois,Chicago,"4600 block of S Western Ave",0,1,0,0,0,N/A
3161094,"March 15, 2025",Illinois,Chicago,"118 N Clinton St",0,1,0,0,0,N/A
3161294,"March 14, 2025",Illinois,Chicago,"1800 block of W 51st St",0,1,0,0,0,N/A
3161292,"March 14, 2025",Illinois,Chicago,"100 block of S Kilpatrick Ave",0,1,0,0,0,N/A
3161276,"March 14, 2025",Illinois,Chicago,"4700 block of S Paulina St",0,1,0,0,0,N/A
3161267,"March 14, 2025",Illinois,Chicago,"700 block of E 92nd Pl",0,1,0,0,0,N/A
3161265,"March 14, 2025",Illinois,Chicago,"1200 block of W 110th St",0,1,0,0,0,N/A
3160498,"March 14, 2025",Illinois,Chicago,"2940 W Roosevelt Rd",0,1,0,0,0,N/A
3161075,"March 14, 2025",Illinois,Chicago,"1949 W 51st St",0,4,0,1,3,N/A
3161109,"March 14, 2025",Illinois,Chicago,"2807 N Clybourn Ave",0,1,0,0,0,N/A
3159872,"March 13, 2025",Illinois,Chicago,"7900 block of S Drexel Ave",0,1,0,0,0,N/A
3160231,"March 13, 2025",Illinois,Chicago,"W Monroe St and S Springfield Ave",0,1,0,0,0,N/A
3158647,"March 12, 2025",Illinois,Chicago,"1000 O'Hare Dr",0,1,0,0,0,N/A
3158886,"March 12, 2025",Illinois,Chicago,"6245 S Ingleside Ave",0,1,0,0,0,N/A
3160524,"March 12, 2025",Illinois,Chicago,"5200 block of W Harrison St",1,0,0,0,0,N/A
3159261,"March 12, 2025",Illinois,Chicago,"4951 W Hubbard St",1,0,0,0,0,N/A
3158695,"March 12, 2025",Illinois,Chicago,"S Wallace St and W 117th St",0,1,0,0,0,N/A
3159393,"March 12, 2025",Illinois,Chicago,"N Cicero Ave and W Cullom Ave",0,1,0,0,0,N/A
3158278,"March 11, 2025",Illinois,Chicago,"5031 S Justine St",0,1,0,0,0,N/A
3158200,"March 11, 2025",Illinois,Chicago,"5424 W Ferdinand St",1,1,0,0,0,N/A
3158487,"March 11, 2025",Illinois,Chicago,"1400 block of W 77th St",1,0,0,0,0,N/A
3156838,"March 10, 2025",Illinois,Chicago,"7843 S Evans Ave",0,1,0,0,1,N/A
3157224,"March 10, 2025",Illinois,Chicago,"5069 W Madison St",1,0,0,0,0,N/A
3159382,"March 10, 2025",Illinois,Chicago,"1140 W 63rd St",0,1,0,0,0,N/A
3158335,"March 10, 2025",Illinois,Chicago,"1647 W Lake St",0,1,0,0,0,N/A
3156753,"March 9, 2025",Illinois,Chicago,"322 E Illinois St",0,1,0,0,1,N/A
3156712,"March 9, 2025",Illinois,Chicago,"7600 block of S Langley Ave",1,0,0,0,0,N/A
3156160,"March 9, 2025",Illinois,Chicago,"10300 S Wentworth Ave",0,1,0,0,0,N/A
3156130,"March 9, 2025",Illinois,Chicago,"500 block of N Franklin St",1,0,0,0,0,N/A
3156140,"March 9, 2025",Illinois,Chicago,"2900 block of E 81st St",0,1,0,0,0,N/A
3156138,"March 9, 2025",Illinois,Chicago,"2600 block of S Kildare Ave",0,1,0,0,0,N/A
3156134,"March 8, 2025",Illinois,Chicago,"5038 W Madison St",0,1,0,0,1,N/A
3155627,"March 8, 2025",Illinois,Chicago,"1916 W Roscoe St",0,1,0,0,0,N/A
3155544,"March 8, 2025",Illinois,Chicago,"100 block of E 21st St",1,1,0,0,2,N/A
3155542,"March 8, 2025",Illinois,Chicago,"200 block of W 105th Pl",1,0,0,0,0,N/A
3155621,"March 8, 2025",Illinois,Chicago,"8131 S May St",1,0,0,0,0,N/A
3156125,"March 8, 2025",Illinois,Chicago,"3500 block of W Polk St",1,1,0,0,0,N/A
3156121,"March 8, 2025",Illinois,Chicago,"7900 block of S Marquette Ave",0,1,0,0,0,N/A
3155547,"March 8, 2025",Illinois,Chicago,"4700 block of W North Ave",0,1,0,0,1,N/A
3155630,"March 7, 2025",Illinois,Chicago,"3234 E 91st St",0,1,0,0,0,N/A
3155618,"March 7, 2025",Illinois,Chicago,"4600 block of W West End Ave",1,0,0,0,0,N/A
3156172,"March 7, 2025",Illinois,Chicago,"2300 block of S Kirkland Ave",1,0,0,0,0,N/A
3154944,"March 7, 2025",Illinois,Chicago,"W Belmont Ave and N Laramie Ave",0,1,0,0,0,N/A
3154548,"March 6, 2025",Illinois,Chicago,"6453 N Hoyne Ave",1,0,0,0,0,N/A
3153544,"March 5, 2025",Illinois,Chicago,"1615 W 79th St",0,1,0,0,0,N/A
3154155,"March 5, 2025",Illinois,Chicago,"5400 block of E State St",0,1,0,0,0,N/A
3152251,"March 4, 2025",Illinois,Chicago,"8522 S Lafayette Ave",0,1,0,0,0,N/A
3154063,"March 4, 2025",Illinois,Chicago,"6200 block of S Campbell Ave",0,1,0,0,0,N/A
3153250,"March 3, 2025",Illinois,Chicago,"300 block of Jacobs Pl",0,1,0,0,1,N/A
3152239,"March 3, 2025",Illinois,Chicago,"11936 S Prairie Ave",0,1,0,0,0,N/A
3151223,"March 2, 2025",Illinois,Chicago,"5842 S Sangamon St",0,1,0,0,1,N/A
3151234,"March 2, 2025",Illinois,Chicago,"5400 block of W Walton St",1,0,0,0,0,N/A
3151254,"March 2, 2025",Illinois,Chicago,"700 block of S Springfield Ave",0,1,0,0,2,N/A
3150690,"March 1, 2025",Illinois,Chicago,"1400 block of W 18th St",1,0,0,0,0,N/A
3150699,"March 1, 2025",Illinois,Chicago,"10653 S State St",0,1,0,0,0,N/A
3150624,"March 1, 2025",Illinois,Chicago,"7700 block of S Kingston Ave",1,0,0,0,1,N/A
3149765,"February 28, 2025",Illinois,Chicago,"3800 block of E 112th S",0,0,0,1,0,N/A
3149450,"February 28, 2025",Illinois,Chicago,"815 E 82nd St",1,0,0,0,0,N/A
3150098,"February 28, 2025",Illinois,Chicago,"3120 W Madison St",1,1,0,0,0,N/A
3151245,"February 28, 2025",Illinois,Chicago,"9100 block of S Yates Blvd",0,1,0,0,0,N/A
3148513,"February 27, 2025",Illinois,Chicago,"S Ashland Ave and W 81st St",0,1,0,0,0,N/A
3148216,"February 26, 2025",Illinois,Chicago,"2245 W Jackson Blvd",0,0,0,0,0,N/A
3147546,"February 26, 2025",Illinois,Chicago,"1400 block of S Tripp Ave",0,1,0,0,1,N/A
3146209,"February 25, 2025",Illinois,Chicago,"10900 block of S Edbrooke Ave",1,0,0,0,0,N/A
3148511,"February 25, 2025",Illinois,Chicago,"6700 S Chappel",0,1,0,0,0,N/A
3146326,"February 24, 2025",Illinois,Chicago,"8846 S Euclid Ave",0,1,0,0,0,N/A
3144874,"February 23, 2025",Illinois,Chicago,"7646 S Ingleside Ave",1,0,0,0,1,N/A
3145438,"February 23, 2025",Illinois,Chicago,"7500 block of N Damen Ave",1,1,0,0,1,N/A
3144894,"February 23, 2025",Illinois,Chicago,"1539 S Drake Ave",0,1,0,0,0,N/A
3144851,"February 22, 2025",Illinois,Chicago,"2400 block of E 74th St",0,1,0,0,0,N/A
3144143,"February 22, 2025",Illinois,Chicago,"6025 S Harper Ave",0,1,0,0,0,N/A
3144860,"February 22, 2025",Illinois,Chicago,"9100 block of S Harvard Ave",0,1,0,0,0,N/A
3144858,"February 22, 2025",Illinois,Chicago,"7900 block of S Cottage Grove Ave",0,1,0,0,0,N/A
3144118,"February 22, 2025",Illinois,Chicago,"4501 S Cicero Ave",0,3,0,0,0,N/A
3144885,"February 22, 2025",Illinois,Chicago,"6110 S Stony Island Ave",0,1,0,0,1,N/A
3144823,"February 22, 2025",Illinois,Chicago,"369 W Grand Ave",1,1,0,0,1,N/A
3144505,"February 21, 2025",Illinois,Chicago,"6900 block of N Ottawa Ave",0,1,0,0,0,N/A
3143371,"February 21, 2025",Illinois,Chicago,"1500 N Kildare Ave",0,1,0,0,0,N/A
3142819,"February 20, 2025",Illinois,Chicago,"4800 block of W Monroe St",0,0,0,0,0,N/A
3150643,"February 20, 2025",Illinois,Chicago,"3700 block of W Armitage Ave",0,1,0,0,1,N/A
3143364,"February 20, 2025",Illinois,Chicago,"50 block of 35th St",0,2,0,0,0,N/A
3187140,"February 20, 2025",Illinois,Chicago,"1500 block of S Spaulding Ave",0,1,0,0,0,N/A
3143086,"February 20, 2025",Illinois,Chicago,"7340 S Western Ave",0,2,0,0,0,N/A
3141904,"February 18, 2025",Illinois,Chicago,"720 S Cicero Ave",0,1,0,0,0,N/A
3141857,"February 18, 2025",Illinois,Chicago,"5076 W Congress Pkwy",0,0,0,1,1,N/A
3141887,"February 18, 2025",Illinois,Chicago,"6022 N Stevens Ave",0,1,0,0,1,N/A
3142008,"February 18, 2025",Illinois,Chicago,"328 E 116th St",0,3,0,0,0,N/A
3142026,"February 18, 2025",Illinois,Chicago,"1803 S Avers Ave",0,1,0,0,0,N/A
3140952,"February 17, 2025",Illinois,Chicago,"5200 W Adams St",0,1,0,0,0,N/A
3140666,"February 17, 2025",Illinois,Chicago,"1300 block of W Estes Ave",1,0,0,0,1,N/A
3150640,"February 17, 2025",Illinois,Chicago,"4000 block of W Cornelia Ave",0,1,0,0,1,N/A
3140506,"February 16, 2025",Illinois,Chicago,"7004 S Merrill Ave",0,1,0,0,0,N/A
3140679,"February 16, 2025",Illinois,Chicago,"4940 S Kilbourn Ave",0,1,0,0,1,N/A
3139732,"February 15, 2025",Illinois,Chicago,"1300 block of W 49th St",0,1,0,0,0,N/A
3140677,"February 15, 2025",Illinois,Chicago,"5800 block of West Madison St",0,1,0,0,0,N/A
3138914,"February 14, 2025",Illinois,Chicago,"5551 S LaSalle St",0,1,0,0,0,N/A
3139723,"February 14, 2025",Illinois,Chicago,"6200 block of S King Dr",0,1,0,0,0,N/A
3139701,"February 14, 2025",Illinois,Chicago,"5259 W Potomac Ave",0,1,0,0,0,N/A
3138095,"February 12, 2025",Illinois,Chicago,"4429 S Fairfield Ave",0,1,0,0,0,N/A
3137897,"February 12, 2025",Illinois,Chicago,"9620 S Merrill Ave",1,0,0,0,0,N/A
3137158,"February 11, 2025",Illinois,Chicago,"200 block of E 121st Pl",2,0,0,0,0,N/A
3137244,"February 11, 2025",Illinois,Chicago,"Princeton Ave and 99th St",1,0,0,0,0,N/A
3136184,"February 10, 2025",Illinois,Chicago,"5555 W Grand Ave",0,1,0,0,0,N/A
3136583,"February 10, 2025",Illinois,Chicago,"4811 W Ferdinand St",0,1,0,0,0,N/A
3135558,"February 9, 2025",Illinois,Chicago,"7500 block of S Sangamon St",0,1,0,0,1,N/A
3135158,"February 9, 2025",Illinois,Chicago,"900 block of N Lavergne Ave",0,2,0,0,0,N/A
3135139,"February 9, 2025",Illinois,Chicago,"10900 block of S Princeton Ave",0,1,0,0,0,N/A
3135166,"February 9, 2025",Illinois,Chicago,"1800 block of E 79th St",1,0,0,0,0,N/A
3135935,"February 9, 2025",Illinois,Chicago,"9200 block of S Harper Ave",1,0,0,0,1,N/A
3135141,"February 9, 2025",Illinois,Chicago,"400 block of W 24th St",0,1,0,0,1,N/A
3135130,"February 8, 2025",Illinois,Chicago,"4400 block of W Fulton St",0,1,0,0,0,N/A
3134920,"February 8, 2025",Illinois,Chicago,"6500 block of S Damen Ave",0,1,0,0,0,N/A
3134906,"February 8, 2025",Illinois,Chicago,"5900 block of S Ashland Ave",0,1,0,0,0,N/A
3134903,"February 8, 2025",Illinois,Chicago,"1600 block of E 85th Pl",0,1,0,0,0,N/A
3135310,"February 8, 2025",Illinois,Chicago,"2300 block of W Monroe St",0,0,0,0,0,N/A
3135282,"February 8, 2025",Illinois,Chicago,"N Kilbourn Ave and W Maypole Ave",0,1,0,0,0,N/A
3135238,"February 8, 2025",Illinois,Chicago,"2625 W 55th St",0,1,0,0,0,N/A
3134911,"February 8, 2025",Illinois,Chicago,"6600 block of S Champlain Ave",1,1,0,0,0,N/A
3135173,"February 8, 2025",Illinois,Chicago,"13100 block of S Ellis Ave",0,2,0,0,0,N/A
3134694,"February 7, 2025",Illinois,Chicago,"4309 S King Dr",0,1,0,0,0,N/A
3134652,"February 7, 2025",Illinois,Chicago,"5800 block of N Kenmore Ave",0,2,0,0,1,N/A
3134683,"February 7, 2025",Illinois,Chicago,"3149 W Lexington St",0,1,0,0,0,N/A
3133955,"February 7, 2025",Illinois,Chicago,"900 block of E 45th St",0,2,0,0,0,N/A
3134008,"February 6, 2025",Illinois,Chicago,"6 W 59th St",0,1,0,0,0,N/A
3133970,"February 6, 2025",Illinois,Chicago,"5800 block of S Nagle Ave",1,0,0,0,0,N/A
3132973,"February 5, 2025",Illinois,Chicago,N/A,1,0,0,0,0,N/A
3132862,"February 5, 2025",Illinois,Chicago,"620 E 88th Pl",0,1,0,0,0,N/A
3132842,"February 5, 2025",Illinois,Chicago,"11153 S Vernon Ave",0,1,0,0,0,N/A
3131879,"February 4, 2025",Illinois,Chicago,"1046 N Monticello Ave",1,0,0,0,0,N/A
3132012,"February 4, 2025",Illinois,Chicago,"1951 E 95th St",0,1,0,0,0,N/A
3130984,"February 3, 2025",Illinois,Chicago,"1505 E 73rd Pl",0,1,0,0,0,N/A
3130968,"February 3, 2025",Illinois,Chicago,"1456 S Springfield",0,1,0,0,0,N/A
3130472,"February 2, 2025",Illinois,Chicago,"1800 block of S Ridgeway Ave",0,0,1,0,0,N/A
3130613,"February 2, 2025",Illinois,Chicago,"3600 block of W 60th Pl",1,0,0,0,0,N/A
3130096,"February 2, 2025",Illinois,Chicago,"10618 S Walden Pkwy",1,0,0,0,0,N/A
3130671,"February 2, 2025",Illinois,Chicago,"100 block of W 118th St",0,1,0,0,0,N/A
3130101,"February 2, 2025",Illinois,Chicago,"8553 S Parnell Ave",1,0,0,0,1,N/A
3130118,"February 2, 2025",Illinois,Chicago,"3450 S Kedzie Ave",0,1,0,0,0,N/A
3135995,"February 2, 2025",Illinois,Chicago,"300 block of W 110th Pl",1,0,0,0,0,N/A
3130098,"February 2, 2025",Illinois,Chicago,"5224 W 54th St",0,1,0,0,0,N/A
3130615,"February 2, 2025",Illinois,Chicago,"7900 block of S Aberdeen St",0,1,0,0,0,N/A
3130094,"February 2, 2025",Illinois,Chicago,"6141 S Damen Ave",0,1,0,0,0,N/A
3130620,"February 1, 2025",Illinois,Chicago,"5500 block of S Shields Ave",0,1,0,0,0,N/A
3130092,"February 1, 2025",Illinois,Chicago,"6651 S Rhodes Ave",0,1,0,0,0,N/A
3129502,"February 1, 2025",Illinois,Chicago,"10700 block of S Ave F",0,1,0,0,0,N/A
3129242,"January 31, 2025",Illinois,Chicago,"8523 S Morgan St",1,0,0,0,1,N/A
3129500,"January 31, 2025",Illinois,Chicago,"7100 block of S Damen Ave",0,1,0,0,0,N/A
3130628,"January 31, 2025",Illinois,Chicago,"200 block of N Central Ave",1,1,0,0,0,N/A
3128843,"January 31, 2025",Illinois,Chicago,"900 block of S Homan Ave",0,0,1,1,0,N/A
3129495,"January 31, 2025",Illinois,Chicago,"5600 block of S Emerald Ave",1,0,0,0,1,N/A
3128290,"January 30, 2025",Illinois,Chicago,"718 W 73rd St",1,0,0,0,0,N/A
3128849,"January 30, 2025",Illinois,Chicago,"2957 S Michigan Ave",1,0,0,0,0,N/A
3128847,"January 30, 2025",Illinois,Chicago,"6601 S California",0,1,0,0,0,N/A
3127894,"January 29, 2025",Illinois,Chicago,"759 N Homan Ave",0,3,0,0,0,N/A
3127700,"January 29, 2025",Illinois,Chicago,"1419 W 90th St",1,0,0,0,0,N/A
3126454,"January 28, 2025",Illinois,Chicago,"7700 block of S Oglesby Ave",2,1,0,0,2,N/A
3127089,"January 28, 2025",Illinois,Chicago,"5350 S Wabash Ave",2,0,0,0,0,N/A
3127353,"January 28, 2025",Illinois,Chicago,"1538 E 95th St",0,1,0,0,0,N/A
3126458,"January 28, 2025",Illinois,Chicago,"2030 N Newcastle Ave",1,0,0,0,0,N/A
3126048,"January 27, 2025",Illinois,Chicago,"1646 N Spaulding Ave",0,1,0,0,1,N/A
3126068,"January 27, 2025",Illinois,Chicago,"1053 N Latrobe Ave",0,1,0,0,0,N/A
3125752,"January 27, 2025",Illinois,Chicago,"4800 block of S Halsted St",0,1,0,0,0,N/A
3126462,"January 27, 2025",Illinois,Chicago,"4700 block of W Flournoy St",0,2,0,0,0,N/A
3126466,"January 27, 2025",Illinois,Chicago,"W 116th St and S Yale Ave",0,1,0,0,0,N/A
3126452,"January 27, 2025",Illinois,Chicago,"11331 S Morgan Ave",0,1,0,0,0,N/A
3125651,"January 27, 2025",Illinois,Chicago,"1758 W Garfield Blvd",0,1,0,0,0,N/A
3124955,"January 26, 2025",Illinois,Chicago,"307 E 50th St",0,1,0,0,0,N/A
3124949,"January 26, 2025",Illinois,Chicago,"5730 N Menard Ave",1,0,0,0,0,N/A
3125743,"January 26, 2025",Illinois,Chicago,"4000 block of W Monroe St",0,1,0,0,0,N/A
3125733,"January 26, 2025",Illinois,Chicago,N/A,0,1,0,0,0,N/A
3125727,"January 26, 2025",Illinois,Chicago,"4000 block of W Wilcox St",0,1,0,0,0,N/A
3124827,"January 26, 2025",Illinois,Chicago,"1461 E 72nd St",0,1,0,0,0,N/A
3125648,"January 26, 2025",Illinois,Chicago,"E 80th St and S Drexel Ave",0,1,0,0,0,N/A
3125641,"January 26, 2025",Illinois,Chicago,"7100 block of S Constance Ave",1,0,0,0,0,N/A
3124942,"January 26, 2025",Illinois,Chicago,"13164 S Corliss Ave",1,2,0,0,0,N/A
3125674,"January 25, 2025",Illinois,Chicago,"10500 block of S Cottage Grove Ave",0,1,0,0,0,N/A
3125680,"January 25, 2025",Illinois,Chicago,"4400 block of S Prairie Ave",0,1,0,0,0,N/A
3125684,"January 25, 2025",Illinois,Chicago,"5900 block of S Michigan Ave",1,0,0,0,0,N/A
3123791,"January 25, 2025",Illinois,Chicago,"7300 N Ridge Blvd",0,1,0,0,0,N/A
3123482,"January 24, 2025",Illinois,Chicago,"734 N St Louis Ave",0,2,0,0,0,N/A
3122999,"January 24, 2025",Illinois,Chicago,"4900 block of W North Ave",1,0,0,0,0,N/A
3123799,"January 24, 2025",Illinois,Chicago,"1100 N Cicero Ave",0,1,0,0,0,N/A
3123793,"January 24, 2025",Illinois,Chicago,"3057 W Jackson Blvd",0,1,0,0,0,N/A
3122379,"January 23, 2025",Illinois,Chicago,"11036 S Millard Ave",0,0,0,1,0,N/A
3122995,"January 23, 2025",Illinois,Chicago,"1200 block of S Sawyer Ave",1,0,0,0,0,N/A
3123020,"January 23, 2025",Illinois,Chicago,"4200 block of W Van Buren St",1,0,0,0,0,N/A
3122091,"January 22, 2025",Illinois,Chicago,"15 S Kilbourn Ave",0,1,0,0,0,N/A
3121935,"January 22, 2025",Illinois,Chicago,"7014 S Carpenter St",0,1,0,0,1,N/A
3120875,"January 21, 2025",Illinois,Chicago,"4000 block of W 21st St",0,1,0,0,0,N/A
3121127,"January 21, 2025",Illinois,Chicago,"4338 W Washington Blvd",0,1,0,0,0,N/A
3120193,"January 20, 2025",Illinois,Chicago,"4201 W Roosevelt Rd",0,1,0,0,0,N/A
3121053,"January 20, 2025",Illinois,Chicago,"7200 block of S South Dr",0,0,0,1,1,N/A
3119968,"January 19, 2025",Illinois,Chicago,"1110 E 95th St",0,1,0,0,0,N/A
3119347,"January 19, 2025",Illinois,Chicago,"3100 block of N Central Ave",0,1,0,0,0,N/A
3119972,"January 19, 2025",Illinois,Chicago,"6500 block of S King Dr",0,1,0,0,0,N/A
3119353,"January 19, 2025",Illinois,Chicago,"7445 S State St",1,0,0,0,1,N/A
3119411,"January 18, 2025",Illinois,Chicago,"2400 block of S Stewart Ave",0,1,0,0,0,N/A
3118743,"January 18, 2025",Illinois,Chicago,"6364 S King Dr",0,1,0,0,0,N/A
3119344,"January 18, 2025",Illinois,Chicago,"2800 block of N Laramie Ave",0,2,0,0,0,N/A
3119338,"January 18, 2025",Illinois,Chicago,"5800 block of W Madison St",0,2,0,0,0,N/A
3118607,"January 18, 2025",Illinois,Chicago,"6000 block of W Belden Ave",1,1,0,0,0,N/A
3118273,"January 17, 2025",Illinois,Chicago,"150 W 127th St",0,0,0,1,1,N/A
3118643,"January 17, 2025",Illinois,Chicago,"7900 block of S East End Ave",1,0,0,0,0,N/A
3118231,"January 17, 2025",Illinois,Chicago,"8723 S Racine Ave",0,1,0,0,0,N/A
3116231,"January 16, 2025",Illinois,Chicago,"5800 block of W Newport Ave",1,0,0,0,1,N/A
3117185,"January 16, 2025",Illinois,Chicago,"2011 W 47th St",1,0,0,0,1,N/A
3116229,"January 16, 2025",Illinois,Chicago,"1300 block of S Ruble St",0,1,0,0,0,N/A
3117134,"January 16, 2025",Illinois,Chicago,"17500 Kedzie Ave",0,1,0,0,1,N/A
3116746,"January 16, 2025",Illinois,Chicago,"4146 W Grenshaw St",1,0,1,0,0,N/A
3115784,"January 15, 2025",Illinois,Chicago,"10235 S Morgan St",0,1,0,0,0,N/A
3115102,"January 14, 2025",Illinois,Chicago,"1300 block of W 73rd Pl",0,1,0,0,0,N/A
3115082,"January 14, 2025",Illinois,Chicago,"4726 W Deming Pl",0,1,0,0,0,N/A
3115248,"January 14, 2025",Illinois,Chicago,"W Balmoral Ave and Ashland Ave",1,1,0,0,0,N/A
3116076,"January 14, 2025",Illinois,Chicago,"5600 block of S California Ave",1,0,0,0,1,N/A
3115097,"January 14, 2025",Illinois,Chicago,"453 N Springfield Ave",1,0,0,0,0,N/A
3114284,"January 13, 2025",Illinois,Chicago,"5706 N Bernard St",1,0,0,0,0,N/A
3114526,"January 13, 2025",Illinois,Chicago,"7400 block of N Damen Ave",0,1,0,0,0,N/A
3114535,"January 13, 2025",Illinois,Chicago,"7513 S Eberhart Ave",1,0,0,0,0,N/A
3113889,"January 12, 2025",Illinois,Chicago,"1625 W 81st St",1,0,0,0,0,N/A
3113891,"January 12, 2025",Illinois,Chicago,"14400 block of S Carondolet Ave",0,3,0,0,0,N/A
3113377,"January 12, 2025",Illinois,Chicago,"3600 block of S California Ave",0,1,0,0,0,N/A
3113375,"January 12, 2025",Illinois,Chicago,"5300 block of S Kedzie Ave",0,1,0,0,0,N/A
3113369,"January 12, 2025",Illinois,Chicago,"4881 W Armitage Ave",0,1,0,0,0,N/A
3113366,"January 12, 2025",Illinois,Chicago,"6458 S Maryland Ave",0,1,0,0,0,N/A
3113371,"January 11, 2025",Illinois,Chicago,"1600 block of S California Ave",0,1,0,0,0,N/A
3113438,"January 11, 2025",Illinois,Chicago,"E 86th St and S Muskegon Ave",1,0,0,0,1,N/A
3112949,"January 11, 2025",Illinois,Chicago,"1100 block of S St Louis Ave",1,0,0,0,0,N/A
3112957,"January 11, 2025",Illinois,Chicago,"I-94 and 53rd St",0,1,0,0,0,N/A
3112951,"January 11, 2025",Illinois,Chicago,"12200 block of S State St",0,1,0,0,0,N/A
3113033,"January 10, 2025",Illinois,Chicago,"3900 block of W 104th St",1,0,0,0,0,N/A
3112365,"January 10, 2025",Illinois,Chicago,"7100 block of S Kedzie Ave",0,1,0,0,0,N/A
3112093,"January 9, 2025",Illinois,Chicago,N/A,0,1,0,0,0,N/A
3111661,"January 8, 2025",Illinois,Chicago,"1146 W 112th Pl",0,1,0,0,1,N/A
3111345,"January 8, 2025",Illinois,Chicago,"W Barry Ave and N Pulaski Rd",0,1,0,0,0,N/A
3111820,"January 8, 2025",Illinois,Chicago,"100 block of N Long Ave",0,1,0,0,0,N/A
3111139,"January 7, 2025",Illinois,Chicago,N/A,0,1,0,0,0,N/A
3111132,"January 7, 2025",Illinois,Chicago,"2800 block of W Fulton St",0,2,0,0,0,N/A
3111142,"January 7, 2025",Illinois,Chicago,"1100 block of N Long Ave",0,1,0,0,0,N/A
3110286,"January 6, 2025",Illinois,Chicago,"1723 E 87th St",0,1,0,0,0,N/A
3109958,"January 6, 2025",Illinois,Chicago,"2100 block of W Gladys Ave",1,0,0,0,0,N/A
3109967,"January 5, 2025",Illinois,Chicago,"1100 block of S Monitor Ave",0,1,0,0,1,N/A
3109962,"January 5, 2025",Illinois,Chicago,"4100 block of W 27th St",0,1,0,0,0,N/A
3109450,"January 5, 2025",Illinois,Chicago,"9000 block of S Cottage Grove Ave",0,1,0,0,0,N/A
3108919,"January 4, 2025",Illinois,Chicago,"100 block of West 87th St",0,0,0,1,0,N/A
3109193,"January 4, 2025",Illinois,Chicago,"5214 W Washington Blvd",1,0,0,0,0,N/A
3109206,"January 4, 2025",Illinois,Chicago,"800 block of E 40th St",1,0,0,0,0,N/A
3108873,"January 4, 2025",Illinois,Chicago,"3611 W 115th Pl",0,1,0,0,0,N/A
3109197,"January 4, 2025",Illinois,Chicago,"907 E 81st St",1,0,0,0,0,N/A
3108670,"January 3, 2025",Illinois,Chicago,"121 N Austin Blvd",0,1,0,0,1,N/A
3108094,"January 3, 2025",Illinois,Chicago,"S Paulina St and W 51st St",0,1,0,0,0,N/A
3108087,"January 3, 2025",Illinois,Chicago,"3030 W 21st Pl",0,0,1,0,0,N/A
3107733,"January 2, 2025",Illinois,Chicago,"6258 S Artesian",0,1,0,0,0,N/A
3106998,"January 1, 2025",Illinois,Chicago,"50 block of N Latrobe Ave",0,1,0,0,0,N/A
3106994,"January 1, 2025",Illinois,Chicago,"6600 block of S Wentworth Ave",0,1,0,0,0,N/A
3106992,"January 1, 2025",Illinois,Chicago,"13100 block of S Ingleside Ave",0,1,0,0,0,N/A
3106988,"January 1, 2025",Illinois,Chicago,"6900 block of S Hoyne Ave",0,1,0,0,0,N/A
3106984,"January 1, 2025",Illinois,Chicago,"6600 block of S State St",0,1,0,0,0,N/A
3106978,"January 1, 2025",Illinois,Chicago,"7000 block of S Eberhart Ave",0,1,0,0,1,N/A
3106975,"January 1, 2025",Illinois,Chicago,"4500 block of S Champlain Ave",0,1,0,0,0,N/A
3106971,"January 1, 2025",Illinois,Chicago,"4200 block of W Wilcox St",0,1,0,0,0,N/A
3106964,"January 1, 2025",Illinois,Chicago,"3100 block of S Green St",0,1,0,0,0,N/A
3106954,"January 1, 2025",Illinois,Chicago,"1600 block of W Division St",0,1,0,0,0,N/A
3108125,"January 1, 2025",Illinois,Chicago,"1500 block of W Warren Blvd",1,0,0,0,1,N/A
3107311,"January 1, 2025",Illinois,Chicago,N/A,0,1,0,0,0,N/A
3107203,"January 1, 2025",Illinois,Chicago,"7500 block of S Racine Ave",1,0,0,0,0,N/A
3107307,"January 1, 2025",Illinois,Chicago,"4900 block of W Barry Ave",0,1,0,0,0,N/A
3106968,"January 1, 2025",Illinois,Chicago,"1200 block of S Sawyer Ave",1,0,0,0,1,N/A
3107010,"January 1, 2025",Illinois,Chicago,"9400 block of S Harvard Ave",1,0,0,0,0,N/A
3107291,"January 1, 2025",Illinois,Chicago,"5600 block of S Throop St",0,1,0,0,0,N/A
3106957,"January 1, 2025",Illinois,Chicago,"500 block of S Kostner Ave",0,1,0,0,0,N/A